ISIN,Security Name,Currency,HiPort Price,Yahoo Ticker,Yahoo Price,Google Ticker,Google Price,Diff HP vs YH,Diff HP vs GO,Diff YH vs GO,Avg HP YH GO
KYG371091086,FU SHOU YUAN INT,HKD,4.815,,,HKG:1448,"=INDEX(GOOGLEFINANCE(""HKG:1448"", ""close"", DATE(2026,5,31)), 2, 2)","=IF(ISNUMBER(F2), ABS(D2-F2)/D2, """")","=IF(ISNUMBER(H2), ABS(D2-H2)/D2, """")","=IF(AND(ISNUMBER(F2), ISNUMBER(H2)), ABS(F2-H2)/F2, """")","=AVERAGE(D2, IFERROR(F2, D2), IFERROR(H2, D2))"
PLENERG00022,ENERGA SA,PLN,15.825,,,WSE:ENERGA,"=INDEX(GOOGLEFINANCE(""WSE:ENERGA"", ""close"", DATE(2026,5,31)), 2, 2)","=IF(ISNUMBER(F3), ABS(D3-F3)/D3, """")","=IF(ISNUMBER(H3), ABS(D3-H3)/D3, """")","=IF(AND(ISNUMBER(F3), ISNUMBER(H3)), ABS(F3-H3)/F3, """")","=AVERAGE(D3, IFERROR(F3, D3), IFERROR(H3, D3))"
AT0000606306,RAIFFEISEN INT NEW,EUR,28.2625,,,,,"=IF(ISNUMBER(F4), ABS(D4-F4)/D4, """")","=IF(ISNUMBER(H4), ABS(D4-H4)/D4, """")","=IF(AND(ISNUMBER(F4), ISNUMBER(H4)), ABS(F4-H4)/F4, """")","=AVERAGE(D4, IFERROR(F4, D4), IFERROR(H4, D4))"
GRS014003008,PIRAEUS BANK GS SWAP,EUR,1.665,,,,,"=IF(ISNUMBER(F5), ABS(D5-F5)/D5, """")","=IF(ISNUMBER(H5), ABS(D5-H5)/D5, """")","=IF(AND(ISNUMBER(F5), ISNUMBER(H5)), ABS(F5-H5)/F5, """")","=AVERAGE(D5, IFERROR(F5, D5), IFERROR(H5, D5))"
EGS3C0O1C016,ARABIAN CEMENT,EGP,10.895,,,,,"=IF(ISNUMBER(F6), ABS(D6-F6)/D6, """")","=IF(ISNUMBER(H6), ABS(D6-H6)/D6, """")","=IF(AND(ISNUMBER(F6), ISNUMBER(H6)), ABS(F6-H6)/F6, """")","=AVERAGE(D6, IFERROR(F6, D6), IFERROR(H6, D6))"
DE000A1E8NW9,AFRICAN DEV CORP,EUR,10.26,,,,,"=IF(ISNUMBER(F7), ABS(D7-F7)/D7, """")","=IF(ISNUMBER(H7), ABS(D7-H7)/D7, """")","=IF(AND(ISNUMBER(F7), ISNUMBER(H7)), ABS(F7-H7)/F7, """")","=AVERAGE(D7, IFERROR(F7, D7), IFERROR(H7, D7))"
US66978B2034,NOSTRUM OIL&GAS GDR,USD,12.375,,,,,"=IF(ISNUMBER(F8), ABS(D8-F8)/D8, """")","=IF(ISNUMBER(H8), ABS(D8-H8)/D8, """")","=IF(AND(ISNUMBER(F8), ISNUMBER(H8)), ABS(F8-H8)/F8, """")","=AVERAGE(D8, IFERROR(F8, D8), IFERROR(H8, D8))"
PAP169941328,BANCO LAT GS SWAP,USD,29.765,,,,,"=IF(ISNUMBER(F9), ABS(D9-F9)/D9, """")","=IF(ISNUMBER(H9), ABS(D9-H9)/D9, """")","=IF(AND(ISNUMBER(F9), ISNUMBER(H9)), ABS(F9-H9)/F9, """")","=AVERAGE(D9, IFERROR(F9, D9), IFERROR(H9, D9))"
SG1AG3000000,YOMA STRATEGIC RIGHT,SGD,0.167,,,,,"=IF(ISNUMBER(F10), ABS(D10-F10)/D10, """")","=IF(ISNUMBER(H10), ABS(D10-H10)/D10, """")","=IF(AND(ISNUMBER(F10), ISNUMBER(H10)), ABS(F10-H10)/F10, """")","=AVERAGE(D10, IFERROR(F10, D10), IFERROR(H10, D10))"
PLPKPCR00011,PKP CARGO SA,PLN,68.0,,,WSE:PKP,"=INDEX(GOOGLEFINANCE(""WSE:PKP"", ""close"", DATE(2026,5,31)), 2, 2)","=IF(ISNUMBER(F11), ABS(D11-F11)/D11, """")","=IF(ISNUMBER(H11), ABS(D11-H11)/D11, """")","=IF(AND(ISNUMBER(F11), ISNUMBER(H11)), ABS(F11-H11)/F11, """")","=AVERAGE(D11, IFERROR(F11, D11), IFERROR(H11, D11))"
LU0327357389,KERNEL HOLDING SA,PLN,29.2,,,,,"=IF(ISNUMBER(F12), ABS(D12-F12)/D12, """")","=IF(ISNUMBER(H12), ABS(D12-H12)/D12, """")","=IF(AND(ISNUMBER(F12), ISNUMBER(H12)), ABS(F12-H12)/F12, """")","=AVERAGE(D12, IFERROR(F12, D12), IFERROR(H12, D12))"
EGS37091C013,EASTERN TOBACCO,EGP,213.76,,,,,"=IF(ISNUMBER(F13), ABS(D13-F13)/D13, """")","=IF(ISNUMBER(H13), ABS(D13-H13)/D13, """")","=IF(AND(ISNUMBER(F13), ISNUMBER(H13)), ABS(F13-H13)/F13, """")","=AVERAGE(D13, IFERROR(F13, D13), IFERROR(H13, D13))"
XS1253843665,PHOENIX HSBC PNOTE,USD,0.2849,,,,,"=IF(ISNUMBER(F14), ABS(D14-F14)/D14, """")","=IF(ISNUMBER(H14), ABS(D14-H14)/D14, """")","=IF(AND(ISNUMBER(F14), ISNUMBER(H14)), ABS(F14-H14)/F14, """")","=AVERAGE(D14, IFERROR(F14, D14), IFERROR(H14, D14))"
AEDFXA14NUL7,ORASCOM CONS DUBAI,USD,12.465,,,,,"=IF(ISNUMBER(F15), ABS(D15-F15)/D15, """")","=IF(ISNUMBER(H15), ABS(D15-H15)/D15, """")","=IF(AND(ISNUMBER(F15), ISNUMBER(H15)), ABS(F15-H15)/F15, """")","=AVERAGE(D15, IFERROR(F15, D15), IFERROR(H15, D15))"
KW0EQ0100077,BURGAN BANK GS SWAP,USD,1.582359,,,,,"=IF(ISNUMBER(F16), ABS(D16-F16)/D16, """")","=IF(ISNUMBER(H16), ABS(D16-H16)/D16, """")","=IF(AND(ISNUMBER(F16), ISNUMBER(H16)), ABS(F16-H16)/F16, """")","=AVERAGE(D16, IFERROR(F16, D16), IFERROR(H16, D16))"
CA9600081009,WESTERNZAGROS,CAD,1.045,,,,,"=IF(ISNUMBER(F17), ABS(D17-F17)/D17, """")","=IF(ISNUMBER(H17), ABS(D17-H17)/D17, """")","=IF(AND(ISNUMBER(F17), ISNUMBER(H17)), ABS(F17-H17)/F17, """")","=AVERAGE(D17, IFERROR(F17, D17), IFERROR(H17, D17))"
CL0001762831,CFR PHARM SA LOCAL,CLP,108.495,,,,,"=IF(ISNUMBER(F18), ABS(D18-F18)/D18, """")","=IF(ISNUMBER(H18), ABS(D18-H18)/D18, """")","=IF(AND(ISNUMBER(F18), ISNUMBER(H18)), ABS(F18-H18)/F18, """")","=AVERAGE(D18, IFERROR(F18, D18), IFERROR(H18, D18))"
XS1252372401,FXPO 10.375 2019,USD,85.764,,,,,"=IF(ISNUMBER(F19), ABS(D19-F19)/D19, """")","=IF(ISNUMBER(H19), ABS(D19-H19)/D19, """")","=IF(AND(ISNUMBER(F19), ISNUMBER(H19)), ABS(F19-H19)/F19, """")","=AVERAGE(D19, IFERROR(F19, D19), IFERROR(H19, D19))"
KYG9362V1077,VIETNAM RESOURCE,USD,0.105,,,,,"=IF(ISNUMBER(F20), ABS(D20-F20)/D20, """")","=IF(ISNUMBER(H20), ABS(D20-H20)/D20, """")","=IF(AND(ISNUMBER(F20), ISNUMBER(H20)), ABS(F20-H20)/F20, """")","=AVERAGE(D20, IFERROR(F20, D20), IFERROR(H20, D20))"
XS1305228071,EM REIT HSBC PNOTE,USD,1.231,,,,,"=IF(ISNUMBER(F21), ABS(D21-F21)/D21, """")","=IF(ISNUMBER(H21), ABS(D21-H21)/D21, """")","=IF(AND(ISNUMBER(F21), ISNUMBER(H21)), ABS(F21-H21)/F21, """")","=AVERAGE(D21, IFERROR(F21, D21), IFERROR(H21, D21))"
DE000DE3BRQ2,SAMBA DB PNOTE BONUS,USD,7.051829,,,,,"=IF(ISNUMBER(F22), ABS(D22-F22)/D22, """")","=IF(ISNUMBER(H22), ABS(D22-H22)/D22, """")","=IF(AND(ISNUMBER(F22), ISNUMBER(H22)), ABS(F22-H22)/F22, """")","=AVERAGE(D22, IFERROR(F22, D22), IFERROR(H22, D22))"
XS1860315552,MOUWASAT CS PNOTE,USD,33.730687,,,,,"=IF(ISNUMBER(F23), ABS(D23-F23)/D23, """")","=IF(ISNUMBER(H23), ABS(D23-H23)/D23, """")","=IF(AND(ISNUMBER(F23), ISNUMBER(H23)), ABS(F23-H23)/F23, """")","=AVERAGE(D23, IFERROR(F23, D23), IFERROR(H23, D23))"
DE000DX6QGE9,ALHOKAIR DB PNOTE,USD,17.816467,,,,,"=IF(ISNUMBER(F24), ABS(D24-F24)/D24, """")","=IF(ISNUMBER(H24), ABS(D24-H24)/D24, """")","=IF(AND(ISNUMBER(F24), ISNUMBER(H24)), ABS(F24-H24)/F24, """")","=AVERAGE(D24, IFERROR(F24, D24), IFERROR(H24, D24))"
US55302T2042,MHP GDR GS SWAP,USD,9.2,,,,,"=IF(ISNUMBER(F25), ABS(D25-F25)/D25, """")","=IF(ISNUMBER(H25), ABS(D25-H25)/D25, """")","=IF(AND(ISNUMBER(F25), ISNUMBER(H25)), ABS(F25-H25)/F25, """")","=AVERAGE(D25, IFERROR(F25, D25), IFERROR(H25, D25))"
US40053W1018,GRUPO AVAL ADR,USD,9.395,,,,,"=IF(ISNUMBER(F26), ABS(D26-F26)/D26, """")","=IF(ISNUMBER(H26), ABS(D26-H26)/D26, """")","=IF(AND(ISNUMBER(F26), ISNUMBER(H26)), ABS(F26-H26)/F26, """")","=AVERAGE(D26, IFERROR(F26, D26), IFERROR(H26, D26))"
GB00B1XH2C03,FERREXPO GBP GS SWAP,GBP,0.60125,,,,,"=IF(ISNUMBER(F27), ABS(D27-F27)/D27, """")","=IF(ISNUMBER(H27), ABS(D27-H27)/D27, """")","=IF(AND(ISNUMBER(F27), ISNUMBER(H27)), ABS(F27-H27)/F27, """")","=AVERAGE(D27, IFERROR(F27, D27), IFERROR(H27, D27))"
KYG6846J1067,PACIFIC ALLIANCE ASI,USD,1.71625,,,,,"=IF(ISNUMBER(F28), ABS(D28-F28)/D28, """")","=IF(ISNUMBER(H28), ABS(D28-H28)/D28, """")","=IF(AND(ISNUMBER(F28), ISNUMBER(H28)), ABS(F28-H28)/F28, """")","=AVERAGE(D28, IFERROR(F28, D28), IFERROR(H28, D28))"
AEF000201010,FIRST GULF GS SWAP,USD,3.124192,,,,,"=IF(ISNUMBER(F29), ABS(D29-F29)/D29, """")","=IF(ISNUMBER(H29), ABS(D29-H29)/D29, """")","=IF(AND(ISNUMBER(F29), ISNUMBER(H29)), ABS(F29-H29)/F29, """")","=AVERAGE(D29, IFERROR(F29, D29), IFERROR(H29, D29))"
NGASHAKACEM8,ASHAKA CEMENT,NGN,28.665821,,,,,"=IF(ISNUMBER(F30), ABS(D30-F30)/D30, """")","=IF(ISNUMBER(H30), ABS(D30-H30)/D30, """")","=IF(AND(ISNUMBER(F30), ISNUMBER(H30)), ABS(F30-H30)/F30, """")","=AVERAGE(D30, IFERROR(F30, D30), IFERROR(H30, D30))"
AED001501025,DUBAI PARKS RTS,AED,0.375,,,,,"=IF(ISNUMBER(F31), ABS(D31-F31)/D31, """")","=IF(ISNUMBER(H31), ABS(D31-H31)/D31, """")","=IF(AND(ISNUMBER(F31), ISNUMBER(H31)), ABS(F31-H31)/F31, """")","=AVERAGE(D31, IFERROR(F31, D31), IFERROR(H31, D31))"
XS1609318412,SAMBA HSBC PNOTE,USD,5.524236,,,,,"=IF(ISNUMBER(F32), ABS(D32-F32)/D32, """")","=IF(ISNUMBER(H32), ABS(D32-H32)/D32, """")","=IF(AND(ISNUMBER(F32), ISNUMBER(H32)), ABS(F32-H32)/F32, """")","=AVERAGE(D32, IFERROR(F32, D32), IFERROR(H32, D32))"
XS0628652884,GTB 7.5% 2016,USD,100.509,,,,,"=IF(ISNUMBER(F33), ABS(D33-F33)/D33, """")","=IF(ISNUMBER(H33), ABS(D33-H33)/D33, """")","=IF(AND(ISNUMBER(F33), ISNUMBER(H33)), ABS(F33-H33)/F33, """")","=AVERAGE(D33, IFERROR(F33, D33), IFERROR(H33, D33))"
PK0099701010,ENGRO FERTILIZER LTD,PKR,63.95,,,,,"=IF(ISNUMBER(F34), ABS(D34-F34)/D34, """")","=IF(ISNUMBER(H34), ABS(D34-H34)/D34, """")","=IF(AND(ISNUMBER(F34), ISNUMBER(H34)), ABS(F34-H34)/F34, """")","=AVERAGE(D34, IFERROR(F34, D34), IFERROR(H34, D34))"
BMG702781094,PETRA DIAMONDS LTD,GBP,0.86625,,,,,"=IF(ISNUMBER(F35), ABS(D35-F35)/D35, """")","=IF(ISNUMBER(H35), ABS(D35-H35)/D35, """")","=IF(AND(ISNUMBER(F35), ISNUMBER(H35)), ABS(F35-H35)/F35, """")","=AVERAGE(D35, IFERROR(F35, D35), IFERROR(H35, D35))"
GB00B8HX8Z88,MEDICLINIC GS SWAP,ZAR,198.02,,,,,"=IF(ISNUMBER(F36), ABS(D36-F36)/D36, """")","=IF(ISNUMBER(H36), ABS(D36-H36)/D36, """")","=IF(AND(ISNUMBER(F36), ISNUMBER(H36)), ABS(F36-H36)/F36, """")","=AVERAGE(D36, IFERROR(F36, D36), IFERROR(H36, D36))"
ROCOTEACNOR7,CONPET SA PLOISESTI,RON,71.2,,,,,"=IF(ISNUMBER(F37), ABS(D37-F37)/D37, """")","=IF(ISNUMBER(H37), ABS(D37-H37)/D37, """")","=IF(AND(ISNUMBER(F37), ISNUMBER(H37)), ABS(F37-H37)/F37, """")","=AVERAGE(D37, IFERROR(F37, D37), IFERROR(H37, D37))"
USU1738N8553,TALLINK CITI PNOTE,EUR,0.925,,,,,"=IF(ISNUMBER(F38), ABS(D38-F38)/D38, """")","=IF(ISNUMBER(H38), ABS(D38-H38)/D38, """")","=IF(AND(ISNUMBER(F38), ISNUMBER(H38)), ABS(F38-H38)/F38, """")","=AVERAGE(D38, IFERROR(F38, D38), IFERROR(H38, D38))"
KYG6583A1022,NORD ANGLIA,USD,23.225,,,,,"=IF(ISNUMBER(F39), ABS(D39-F39)/D39, """")","=IF(ISNUMBER(H39), ABS(D39-H39)/D39, """")","=IF(AND(ISNUMBER(F39), ISNUMBER(H39)), ABS(F39-H39)/F39, """")","=AVERAGE(D39, IFERROR(F39, D39), IFERROR(H39, D39))"
GB00B3SXM832,BLACKRCKFRNT ML SWAP,GBP,1.48625,,,,,"=IF(ISNUMBER(F40), ABS(D40-F40)/D40, """")","=IF(ISNUMBER(H40), ABS(D40-H40)/D40, """")","=IF(AND(ISNUMBER(F40), ISNUMBER(H40)), ABS(F40-H40)/F40, """")","=AVERAGE(D40, IFERROR(F40, D40), IFERROR(H40, D40))"
AEN000501017,TABREED,AED,1.865,,,,,"=IF(ISNUMBER(F41), ABS(D41-F41)/D41, """")","=IF(ISNUMBER(H41), ABS(D41-H41)/D41, """")","=IF(AND(ISNUMBER(F41), ISNUMBER(H41)), ABS(F41-H41)/F41, """")","=AVERAGE(D41, IFERROR(F41, D41), IFERROR(H41, D41))"
PK0083501012,ALLIED BANK LTD,PKR,105.745,,,,,"=IF(ISNUMBER(F42), ABS(D42-F42)/D42, """")","=IF(ISNUMBER(H42), ABS(D42-H42)/D42, """")","=IF(AND(ISNUMBER(F42), ISNUMBER(H42)), ABS(F42-H42)/F42, """")","=AVERAGE(D42, IFERROR(F42, D42), IFERROR(H42, D42))"
JE00BLKGSR75,IDH PLC,USD,2.939,,,,,"=IF(ISNUMBER(F43), ABS(D43-F43)/D43, """")","=IF(ISNUMBER(H43), ABS(D43-H43)/D43, """")","=IF(AND(ISNUMBER(F43), ISNUMBER(H43)), ABS(F43-H43)/F43, """")","=AVERAGE(D43, IFERROR(F43, D43), IFERROR(H43, D43))"
US29244A1025,EDENOR ADR,USD,37.46,,,,,"=IF(ISNUMBER(F44), ABS(D44-F44)/D44, """")","=IF(ISNUMBER(H44), ABS(D44-H44)/D44, """")","=IF(AND(ISNUMBER(F44), ISNUMBER(H44)), ABS(F44-H44)/F44, """")","=AVERAGE(D44, IFERROR(F44, D44), IFERROR(H44, D44))"
KYG875721634,TENCENT GS SWAP,HKD,199.65,,,,,"=IF(ISNUMBER(F45), ABS(D45-F45)/D45, """")","=IF(ISNUMBER(H45), ABS(D45-H45)/D45, """")","=IF(AND(ISNUMBER(F45), ISNUMBER(H45)), ABS(F45-H45)/F45, """")","=AVERAGE(D45, IFERROR(F45, D45), IFERROR(H45, D45))"
KYG5307W1015,KOLAO HOLDINGS,KRW,5795.0,,,,,"=IF(ISNUMBER(F46), ABS(D46-F46)/D46, """")","=IF(ISNUMBER(H46), ABS(D46-H46)/D46, """")","=IF(AND(ISNUMBER(F46), ISNUMBER(H46)), ABS(F46-H46)/F46, """")","=AVERAGE(D46, IFERROR(F46, D46), IFERROR(H46, D46))"
PHY6033N1001,METRO RETAIL STORES,PHP,3.725,,,PSE:METRO,"=INDEX(GOOGLEFINANCE(""PSE:METRO"", ""close"", DATE(2026,5,31)), 2, 2)","=IF(ISNUMBER(F47), ABS(D47-F47)/D47, """")","=IF(ISNUMBER(H47), ABS(D47-H47)/D47, """")","=IF(AND(ISNUMBER(F47), ISNUMBER(H47)), ABS(F47-H47)/F47, """")","=AVERAGE(D47, IFERROR(F47, D47), IFERROR(H47, D47))"
KW0EQ0200653,KUWAIT PROJ GS SWAP,USD,1.000467,,,,,"=IF(ISNUMBER(F48), ABS(D48-F48)/D48, """")","=IF(ISNUMBER(H48), ABS(D48-H48)/D48, """")","=IF(AND(ISNUMBER(F48), ISNUMBER(H48)), ABS(F48-H48)/F48, """")","=AVERAGE(D48, IFERROR(F48, D48), IFERROR(H48, D48))"
UG0000001145,UMEME,UGX,531.0,,,,,"=IF(ISNUMBER(F49), ABS(D49-F49)/D49, """")","=IF(ISNUMBER(H49), ABS(D49-H49)/D49, """")","=IF(AND(ISNUMBER(F49), ISNUMBER(H49)), ABS(F49-H49)/F49, """")","=AVERAGE(D49, IFERROR(F49, D49), IFERROR(H49, D49))"
IM00B1G3MS12,ORIGO PARTNERS PLC,GBP,0.0175,,,,,"=IF(ISNUMBER(F50), ABS(D50-F50)/D50, """")","=IF(ISNUMBER(H50), ABS(D50-H50)/D50, """")","=IF(AND(ISNUMBER(F50), ISNUMBER(H50)), ABS(F50-H50)/F50, """")","=AVERAGE(D50, IFERROR(F50, D50), IFERROR(H50, D50))"
PHY7690Y1083,SHAKEYS PIZZA,PHP,12.12,,,PSE:SHAKEYS,"=INDEX(GOOGLEFINANCE(""PSE:SHAKEYS"", ""close"", DATE(2026,5,31)), 2, 2)","=IF(ISNUMBER(F51), ABS(D51-F51)/D51, """")","=IF(ISNUMBER(H51), ABS(D51-H51)/D51, """")","=IF(AND(ISNUMBER(F51), ISNUMBER(H51)), ABS(F51-H51)/F51, """")","=AVERAGE(D51, IFERROR(F51, D51), IFERROR(H51, D51))"
ID1000063100,ULTRAJAYA MILK,IDR,4425.0,,,,,"=IF(ISNUMBER(F52), ABS(D52-F52)/D52, """")","=IF(ISNUMBER(H52), ABS(D52-H52)/D52, """")","=IF(AND(ISNUMBER(F52), ISNUMBER(H52)), ABS(F52-H52)/F52, """")","=AVERAGE(D52, IFERROR(F52, D52), IFERROR(H52, D52))"
AED001501017,DXB GS SWAP,USD,0.096108,,,,,"=IF(ISNUMBER(F53), ABS(D53-F53)/D53, """")","=IF(ISNUMBER(H53), ABS(D53-H53)/D53, """")","=IF(AND(ISNUMBER(F53), ISNUMBER(H53)), ABS(F53-H53)/F53, """")","=AVERAGE(D53, IFERROR(F53, D53), IFERROR(H53, D53))"
SE0009778848,MEDICOVER AB,SEK,78.3,,,,,"=IF(ISNUMBER(F54), ABS(D54-F54)/D54, """")","=IF(ISNUMBER(H54), ABS(D54-H54)/D54, """")","=IF(AND(ISNUMBER(F54), ISNUMBER(H54)), ABS(F54-H54)/F54, """")","=AVERAGE(D54, IFERROR(F54, D54), IFERROR(H54, D54))"
DE000DL3UB55,VIETJET DB PNOTE,USD,5.729635,,,,,"=IF(ISNUMBER(F55), ABS(D55-F55)/D55, """")","=IF(ISNUMBER(H55), ABS(D55-H55)/D55, """")","=IF(AND(ISNUMBER(F55), ISNUMBER(H55)), ABS(F55-H55)/F55, """")","=AVERAGE(D55, IFERROR(F55, D55), IFERROR(H55, D55))"
NL0011871496,JARIR JP PNOTE,USD,46.915818,,,,,"=IF(ISNUMBER(F56), ABS(D56-F56)/D56, """")","=IF(ISNUMBER(H56), ABS(D56-H56)/D56, """")","=IF(AND(ISNUMBER(F56), ISNUMBER(H56)), ABS(F56-H56)/F56, """")","=AVERAGE(D56, IFERROR(F56, D56), IFERROR(H56, D56))"
AEA002301017,ARAMEX,AED,3.975,,,,,"=IF(ISNUMBER(F57), ABS(D57-F57)/D57, """")","=IF(ISNUMBER(H57), ABS(D57-H57)/D57, """")","=IF(AND(ISNUMBER(F57), ISNUMBER(H57)), ABS(F57-H57)/F57, """")","=AVERAGE(D57, IFERROR(F57, D57), IFERROR(H57, D57))"
GB00BYSS4K11,GEORGIA HEALTHCARE,GBP,2.34,,,,,"=IF(ISNUMBER(F58), ABS(D58-F58)/D58, """")","=IF(ISNUMBER(H58), ABS(D58-H58)/D58, """")","=IF(AND(ISNUMBER(F58), ISNUMBER(H58)), ABS(F58-H58)/F58, """")","=AVERAGE(D58, IFERROR(F58, D58), IFERROR(H58, D58))"
US40052A4076,GRUPO CLARIN ARG GDR,USD,6.199783,,,,,"=IF(ISNUMBER(F59), ABS(D59-F59)/D59, """")","=IF(ISNUMBER(H59), ABS(D59-H59)/D59, """")","=IF(AND(ISNUMBER(F59), ISNUMBER(H59)), ABS(F59-H59)/F59, """")","=AVERAGE(D59, IFERROR(F59, D59), IFERROR(H59, D59))"
DE000DX6QFA9,SAMBA DB PNOTE,USD,8.129648,,,,,"=IF(ISNUMBER(F60), ABS(D60-F60)/D60, """")","=IF(ISNUMBER(H60), ABS(D60-H60)/D60, """")","=IF(AND(ISNUMBER(F60), ISNUMBER(H60)), ABS(F60-H60)/F60, """")","=AVERAGE(D60, IFERROR(F60, D60), IFERROR(H60, D60))"
PK0052401012,DG KHAN CEMENT,PKR,96.03,,,,,"=IF(ISNUMBER(F61), ABS(D61-F61)/D61, """")","=IF(ISNUMBER(H61), ABS(D61-H61)/D61, """")","=IF(AND(ISNUMBER(F61), ISNUMBER(H61)), ABS(F61-H61)/F61, """")","=AVERAGE(D61, IFERROR(F61, D61), IFERROR(H61, D61))"
XS1807174476,ECONET SB PNOTE,USD,0.157875,,,,,"=IF(ISNUMBER(F62), ABS(D62-F62)/D62, """")","=IF(ISNUMBER(H62), ABS(D62-H62)/D62, """")","=IF(AND(ISNUMBER(F62), ISNUMBER(H62)), ABS(F62-H62)/F62, """")","=AVERAGE(D62, IFERROR(F62, D62), IFERROR(H62, D62))"
VGG9055P1100,UNION AGRCLT NEW,USD,2.355,,,,,"=IF(ISNUMBER(F63), ABS(D63-F63)/D63, """")","=IF(ISNUMBER(H63), ABS(D63-H63)/D63, """")","=IF(AND(ISNUMBER(F63), ISNUMBER(H63)), ABS(F63-H63)/F63, """")","=AVERAGE(D63, IFERROR(F63, D63), IFERROR(H63, D63))"
GHEMTN051541,MTN GHANA,GHS,0.695,,,,,"=IF(ISNUMBER(F64), ABS(D64-F64)/D64, """")","=IF(ISNUMBER(H64), ABS(D64-H64)/D64, """")","=IF(AND(ISNUMBER(F64), ISNUMBER(H64)), ABS(F64-H64)/F64, """")","=AVERAGE(D64, IFERROR(F64, D64), IFERROR(H64, D64))"
ROMEDLRGH018,MEDLIFE RIGHT SHARES,RON,36.4,,,,,"=IF(ISNUMBER(F65), ABS(D65-F65)/D65, """")","=IF(ISNUMBER(H65), ABS(D65-H65)/D65, """")","=IF(AND(ISNUMBER(F65), ISNUMBER(H65)), ABS(F65-H65)/F65, """")","=AVERAGE(D65, IFERROR(F65, D65), IFERROR(H65, D65))"
VN000000NVL0,NOVALAND VIETNAM,VND,61650.0,,,,,"=IF(ISNUMBER(F66), ABS(D66-F66)/D66, """")","=IF(ISNUMBER(H66), ABS(D66-H66)/D66, """")","=IF(AND(ISNUMBER(F66), ISNUMBER(H66)), ABS(F66-H66)/F66, """")","=AVERAGE(D66, IFERROR(F66, D66), IFERROR(H66, D66))"
ZAU000015406,ROCKCASTLE GS SWAP,ZAR,1e-06,,,,,"=IF(ISNUMBER(F67), ABS(D67-F67)/D67, """")","=IF(ISNUMBER(H67), ABS(D67-H67)/D67, """")","=IF(AND(ISNUMBER(F67), ISNUMBER(H67)), ABS(F67-H67)/F67, """")","=AVERAGE(D67, IFERROR(F67, D67), IFERROR(H67, D67))"
EGS65541C012,CAIRO INV & REAL EST,EGP,6.0,,,,,"=IF(ISNUMBER(F68), ABS(D68-F68)/D68, """")","=IF(ISNUMBER(H68), ABS(D68-H68)/D68, """")","=IF(AND(ISNUMBER(F68), ISNUMBER(H68)), ABS(F68-H68)/F68, """")","=AVERAGE(D68, IFERROR(F68, D68), IFERROR(H68, D68))"
SA0007879170,NIC GS SWAP,USD,3.489922,,,,,"=IF(ISNUMBER(F69), ABS(D69-F69)/D69, """")","=IF(ISNUMBER(H69), ABS(D69-H69)/D69, """")","=IF(AND(ISNUMBER(F69), ISNUMBER(H69)), ABS(F69-H69)/F69, """")","=AVERAGE(D69, IFERROR(F69, D69), IFERROR(H69, D69))"
XS2027913107,ARAB BANK HSBC PNOTE,USD,7.985891,,,,,"=IF(ISNUMBER(F70), ABS(D70-F70)/D70, """")","=IF(ISNUMBER(H70), ABS(D70-H70)/D70, """")","=IF(AND(ISNUMBER(F70), ISNUMBER(H70)), ABS(F70-H70)/F70, """")","=AVERAGE(D70, IFERROR(F70, D70), IFERROR(H70, D70))"
AEDFXA1XE5D7,EMIRATES REIT,USD,0.22,,,,,"=IF(ISNUMBER(F71), ABS(D71-F71)/D71, """")","=IF(ISNUMBER(H71), ABS(D71-H71)/D71, """")","=IF(AND(ISNUMBER(F71), ISNUMBER(H71)), ABS(F71-H71)/F71, """")","=AVERAGE(D71, IFERROR(F71, D71), IFERROR(H71, D71))"
KW0EQ0601058,MOBILE TELE COMMS,KWD,0.4925,,,,,"=IF(ISNUMBER(F72), ABS(D72-F72)/D72, """")","=IF(ISNUMBER(H72), ABS(D72-H72)/D72, """")","=IF(AND(ISNUMBER(F72), ISNUMBER(H72)), ABS(F72-H72)/F72, """")","=AVERAGE(D72, IFERROR(F72, D72), IFERROR(H72, D72))"
US48138M1053,JUMIA ADR GS SWAP,USD,36.745,,,,,"=IF(ISNUMBER(F73), ABS(D73-F73)/D73, """")","=IF(ISNUMBER(H73), ABS(D73-H73)/D73, """")","=IF(AND(ISNUMBER(F73), ISNUMBER(H73)), ABS(F73-H73)/F73, """")","=AVERAGE(D73, IFERROR(F73, D73), IFERROR(H73, D73))"
AED000901010,DUBAI FIN MK GS SWAP,USD,0.170297,,,,,"=IF(ISNUMBER(F74), ABS(D74-F74)/D74, """")","=IF(ISNUMBER(H74), ABS(D74-H74)/D74, """")","=IF(AND(ISNUMBER(F74), ISNUMBER(H74)), ABS(F74-H74)/F74, """")","=AVERAGE(D74, IFERROR(F74, D74), IFERROR(H74, D74))"
US58733R1023,MERCADOLIBRE GS SWAP,USD,320.975,,,,,"=IF(ISNUMBER(F75), ABS(D75-F75)/D75, """")","=IF(ISNUMBER(H75), ABS(D75-H75)/D75, """")","=IF(AND(ISNUMBER(F75), ISNUMBER(H75)), ABS(F75-H75)/F75, """")","=AVERAGE(D75, IFERROR(F75, D75), IFERROR(H75, D75))"
ARTGNO010117,TGN,ARS,53.2,,,,,"=IF(ISNUMBER(F76), ABS(D76-F76)/D76, """")","=IF(ISNUMBER(H76), ABS(D76-H76)/D76, """")","=IF(AND(ISNUMBER(F76), ISNUMBER(H76)), ABS(F76-H76)/F76, """")","=AVERAGE(D76, IFERROR(F76, D76), IFERROR(H76, D76))"
ROSNGNACNOR3,ROMGAZ,RON,32.725,,,,,"=IF(ISNUMBER(F77), ABS(D77-F77)/D77, """")","=IF(ISNUMBER(H77), ABS(D77-H77)/D77, """")","=IF(AND(ISNUMBER(F77), ISNUMBER(H77)), ABS(F77-H77)/F77, """")","=AVERAGE(D77, IFERROR(F77, D77), IFERROR(H77, D77))"
GB00B0LCW083,HIKMA PHARMA,GBP,26.125,,,,,"=IF(ISNUMBER(F78), ABS(D78-F78)/D78, """")","=IF(ISNUMBER(H78), ABS(D78-H78)/D78, """")","=IF(AND(ISNUMBER(F78), ISNUMBER(H78)), ABS(F78-H78)/F78, """")","=AVERAGE(D78, IFERROR(F78, D78), IFERROR(H78, D78))"
QA0006929879,QIIB GS SWAP USD,USD,2.517136,,,,,"=IF(ISNUMBER(F79), ABS(D79-F79)/D79, """")","=IF(ISNUMBER(H79), ABS(D79-H79)/D79, """")","=IF(AND(ISNUMBER(F79), ISNUMBER(H79)), ABS(F79-H79)/F79, """")","=AVERAGE(D79, IFERROR(F79, D79), IFERROR(H79, D79))"
KE0000000554,EQUITY BANK LTD,KES,40.375,,,,,"=IF(ISNUMBER(F80), ABS(D80-F80)/D80, """")","=IF(ISNUMBER(H80), ABS(D80-H80)/D80, """")","=IF(AND(ISNUMBER(F80), ISNUMBER(H80)), ABS(F80-H80)/F80, """")","=AVERAGE(D80, IFERROR(F80, D80), IFERROR(H80, D80))"
XS1930086746,ALAWWAL BK MS PNOTE,USD,3.907302,,,,,"=IF(ISNUMBER(F81), ABS(D81-F81)/D81, """")","=IF(ISNUMBER(H81), ABS(D81-H81)/D81, """")","=IF(AND(ISNUMBER(F81), ISNUMBER(H81)), ABS(F81-H81)/F81, """")","=AVERAGE(D81, IFERROR(F81, D81), IFERROR(H81, D81))"
XS1743820182,NAT MED HSBC PNOTE,USD,11.140873,,,,,"=IF(ISNUMBER(F82), ABS(D82-F82)/D82, """")","=IF(ISNUMBER(H82), ABS(D82-H82)/D82, """")","=IF(AND(ISNUMBER(F82), ISNUMBER(H82)), ABS(F82-H82)/F82, """")","=AVERAGE(D82, IFERROR(F82, D82), IFERROR(H82, D82))"
US87238U2033,TCS GROUP GS SWAPUSD,USD,31.55,,,,,"=IF(ISNUMBER(F83), ABS(D83-F83)/D83, """")","=IF(ISNUMBER(H83), ABS(D83-H83)/D83, """")","=IF(AND(ISNUMBER(F83), ISNUMBER(H83)), ABS(F83-H83)/F83, """")","=AVERAGE(D83, IFERROR(F83, D83), IFERROR(H83, D83))"
TRVXIST026Z6,ISE30 APR21 GSFTSWAP,TRY,1432.625,,,,,"=IF(ISNUMBER(F84), ABS(D84-F84)/D84, """")","=IF(ISNUMBER(H84), ABS(D84-H84)/D84, """")","=IF(AND(ISNUMBER(F84), ISNUMBER(H84)), ABS(F84-H84)/F84, """")","=AVERAGE(D84, IFERROR(F84, D84), IFERROR(H84, D84))"
GG00B979FD04,GLOBALWORTH REAL EST,EUR,5.9,,,,,"=IF(ISNUMBER(F85), ABS(D85-F85)/D85, """")","=IF(ISNUMBER(H85), ABS(D85-H85)/D85, """")","=IF(AND(ISNUMBER(F85), ISNUMBER(H85)), ABS(F85-H85)/F85, """")","=AVERAGE(D85, IFERROR(F85, D85), IFERROR(H85, D85))"
XS1928467908,CASSAVA SB PNOTE,USD,2.442921,,,,,"=IF(ISNUMBER(F86), ABS(D86-F86)/D86, """")","=IF(ISNUMBER(H86), ABS(D86-H86)/D86, """")","=IF(AND(ISNUMBER(F86), ISNUMBER(H86)), ABS(F86-H86)/F86, """")","=AVERAGE(D86, IFERROR(F86, D86), IFERROR(H86, D86))"
LU0974299876,GLOBANT HSBC SWAP,USD,106.8,,,,,"=IF(ISNUMBER(F87), ABS(D87-F87)/D87, """")","=IF(ISNUMBER(H87), ABS(D87-H87)/D87, """")","=IF(AND(ISNUMBER(F87), ISNUMBER(H87)), ABS(F87-H87)/F87, """")","=AVERAGE(D87, IFERROR(F87, D87), IFERROR(H87, D87))"
RU0007775219,MBT LOCALS,USD,7.285478,,,,,"=IF(ISNUMBER(F88), ABS(D88-F88)/D88, """")","=IF(ISNUMBER(H88), ABS(D88-H88)/D88, """")","=IF(AND(ISNUMBER(F88), ISNUMBER(H88)), ABS(F88-H88)/F88, """")","=AVERAGE(D88, IFERROR(F88, D88), IFERROR(H88, D88))"
GRS323003004,EUROBANK ERGASIAS SA,EUR,0.2475,,,,,"=IF(ISNUMBER(F89), ABS(D89-F89)/D89, """")","=IF(ISNUMBER(H89), ABS(D89-H89)/D89, """")","=IF(AND(ISNUMBER(F89), ISNUMBER(H89)), ABS(F89-H89)/F89, """")","=AVERAGE(D89, IFERROR(F89, D89), IFERROR(H89, D89))"
ROSIFEACNOR4,SIF 5,RON,1.9225,,,,,"=IF(ISNUMBER(F90), ABS(D90-F90)/D90, """")","=IF(ISNUMBER(H90), ABS(D90-H90)/D90, """")","=IF(AND(ISNUMBER(F90), ISNUMBER(H90)), ABS(F90-H90)/F90, """")","=AVERAGE(D90, IFERROR(F90, D90), IFERROR(H90, D90))"
US48122U2042,SISTEMA GDR GS SWAP,USD,23.485,,,,,"=IF(ISNUMBER(F91), ABS(D91-F91)/D91, """")","=IF(ISNUMBER(H91), ABS(D91-H91)/D91, """")","=IF(AND(ISNUMBER(F91), ISNUMBER(H91)), ABS(F91-H91)/F91, """")","=AVERAGE(D91, IFERROR(F91, D91), IFERROR(H91, D91))"
GB00BF5SDZ96,STOCK SPIRITS GROUP,GBP,3.0825,,,,,"=IF(ISNUMBER(F92), ABS(D92-F92)/D92, """")","=IF(ISNUMBER(H92), ABS(D92-H92)/D92, """")","=IF(AND(ISNUMBER(F92), ISNUMBER(H92)), ABS(F92-H92)/F92, """")","=AVERAGE(D92, IFERROR(F92, D92), IFERROR(H92, D92))"
US48668G2057,KCELL GDR,USD,9.775,,,,,"=IF(ISNUMBER(F93), ABS(D93-F93)/D93, """")","=IF(ISNUMBER(H93), ABS(D93-H93)/D93, """")","=IF(AND(ISNUMBER(F93), ISNUMBER(H93)), ABS(F93-H93)/F93, """")","=AVERAGE(D93, IFERROR(F93, D93), IFERROR(H93, D93))"
RU000A0B6NK6,TMK,USD,2.75033,,,,,"=IF(ISNUMBER(F94), ABS(D94-F94)/D94, """")","=IF(ISNUMBER(H94), ABS(D94-H94)/D94, """")","=IF(AND(ISNUMBER(F94), ISNUMBER(H94)), ABS(F94-H94)/F94, """")","=AVERAGE(D94, IFERROR(F94, D94), IFERROR(H94, D94))"
TREEGYO00017,EMLAK KONUT,TRY,2.695,,,,,"=IF(ISNUMBER(F95), ABS(D95-F95)/D95, """")","=IF(ISNUMBER(H95), ABS(D95-H95)/D95, """")","=IF(AND(ISNUMBER(F95), ISNUMBER(H95)), ABS(F95-H95)/F95, """")","=AVERAGE(D95, IFERROR(F95, D95), IFERROR(H95, D95))"
DE000DB9JRJ0,IRB DB PNOTE,USD,3.794751,,,,,"=IF(ISNUMBER(F96), ABS(D96-F96)/D96, """")","=IF(ISNUMBER(H96), ABS(D96-H96)/D96, """")","=IF(AND(ISNUMBER(F96), ISNUMBER(H96)), ABS(F96-H96)/F96, """")","=AVERAGE(D96, IFERROR(F96, D96), IFERROR(H96, D96))"
LK009A22GB71,JK DB PNOTE WTS 2,USD,0.573645,,,,,"=IF(ISNUMBER(F97), ABS(D97-F97)/D97, """")","=IF(ISNUMBER(H97), ABS(D97-H97)/D97, """")","=IF(AND(ISNUMBER(F97), ISNUMBER(H97)), ABS(F97-H97)/F97, """")","=AVERAGE(D97, IFERROR(F97, D97), IFERROR(H97, D97))"
XS1084156576,SAMBA HSBC PNOTE BNS,USD,6.997667,,,,,"=IF(ISNUMBER(F98), ABS(D98-F98)/D98, """")","=IF(ISNUMBER(H98), ABS(D98-H98)/D98, """")","=IF(AND(ISNUMBER(F98), ISNUMBER(H98)), ABS(F98-H98)/F98, """")","=AVERAGE(D98, IFERROR(F98, D98), IFERROR(H98, D98))"
PLPKN0000018,PKN GS SWAP,USD,14.080242,,,WSE:PKN,"=INDEX(GOOGLEFINANCE(""WSE:PKN"", ""close"", DATE(2026,5,31)), 2, 2)","=IF(ISNUMBER(F99), ABS(D99-F99)/D99, """")","=IF(ISNUMBER(H99), ABS(D99-H99)/D99, """")","=IF(AND(ISNUMBER(F99), ISNUMBER(H99)), ABS(F99-H99)/F99, """")","=AVERAGE(D99, IFERROR(F99, D99), IFERROR(H99, D99))"
AT0000809058,IMMOFINANZ,EUR,2.1065,,,,,"=IF(ISNUMBER(F100), ABS(D100-F100)/D100, """")","=IF(ISNUMBER(H100), ABS(D100-H100)/D100, """")","=IF(AND(ISNUMBER(F100), ISNUMBER(H100)), ABS(F100-H100)/F100, """")","=AVERAGE(D100, IFERROR(F100, D100), IFERROR(H100, D100))"
QA000A0KD6L1,QAT GAS TRAN GS SWAP,USD,6.084987,,,,,"=IF(ISNUMBER(F101), ABS(D101-F101)/D101, """")","=IF(ISNUMBER(H101), ABS(D101-H101)/D101, """")","=IF(AND(ISNUMBER(F101), ISNUMBER(H101)), ABS(F101-H101)/F101, """")","=AVERAGE(D101, IFERROR(F101, D101), IFERROR(H101, D101))"
GB00BGP6Q951,NOSTRUM OIL GAS PLC,GBP,7.525,,,,,"=IF(ISNUMBER(F102), ABS(D102-F102)/D102, """")","=IF(ISNUMBER(H102), ABS(D102-H102)/D102, """")","=IF(AND(ISNUMBER(F102), ISNUMBER(H102)), ABS(F102-H102)/F102, """")","=AVERAGE(D102, IFERROR(F102, D102), IFERROR(H102, D102))"
CA68764K1084,ORYX PETROLEUM,CAD,5.925,,,,,"=IF(ISNUMBER(F103), ABS(D103-F103)/D103, """")","=IF(ISNUMBER(H103), ABS(D103-H103)/D103, """")","=IF(AND(ISNUMBER(F103), ISNUMBER(H103)), ABS(F103-H103)/F103, """")","=AVERAGE(D103, IFERROR(F103, D103), IFERROR(H103, D103))"
EGS920I1C016,GB AUTO RIGHTS,EGP,3.19,,,,,"=IF(ISNUMBER(F104), ABS(D104-F104)/D104, """")","=IF(ISNUMBER(H104), ABS(D104-H104)/D104, """")","=IF(AND(ISNUMBER(F104), ISNUMBER(H104)), ABS(F104-H104)/F104, """")","=AVERAGE(D104, IFERROR(F104, D104), IFERROR(H104, D104))"
EGS673T1C012,GB AUTO,EGP,2.96,,,,,"=IF(ISNUMBER(F105), ABS(D105-F105)/D105, """")","=IF(ISNUMBER(H105), ABS(D105-H105)/D105, """")","=IF(AND(ISNUMBER(F105), ISNUMBER(H105)), ABS(F105-H105)/F105, """")","=AVERAGE(D105, IFERROR(F105, D105), IFERROR(H105, D105))"
NO0003921009,DNO ASA,NOK,16.02,,,,,"=IF(ISNUMBER(F106), ABS(D106-F106)/D106, """")","=IF(ISNUMBER(H106), ABS(D106-H106)/D106, """")","=IF(AND(ISNUMBER(F106), ISNUMBER(H106)), ABS(F106-H106)/F106, """")","=AVERAGE(D106, IFERROR(F106, D106), IFERROR(H106, D106))"
EGS305I1C011,EDITA FOOD INDUSTRIE,EGP,33.23,,,,,"=IF(ISNUMBER(F107), ABS(D107-F107)/D107, """")","=IF(ISNUMBER(H107), ABS(D107-H107)/D107, """")","=IF(AND(ISNUMBER(F107), ISNUMBER(H107)), ABS(F107-H107)/F107, """")","=AVERAGE(D107, IFERROR(F107, D107), IFERROR(H107, D107))"
XS0614325586,FXPO 7.785% 2016,USD,92.5175,,,,,"=IF(ISNUMBER(F108), ABS(D108-F108)/D108, """")","=IF(ISNUMBER(H108), ABS(D108-H108)/D108, """")","=IF(AND(ISNUMBER(F108), ISNUMBER(H108)), ABS(F108-H108)/F108, """")","=AVERAGE(D108, IFERROR(F108, D108), IFERROR(H108, D108))"
EGS95001C011,ORASCOM CONSTRUCTION,EGP,100.995,,,,,"=IF(ISNUMBER(F109), ABS(D109-F109)/D109, """")","=IF(ISNUMBER(H109), ABS(D109-H109)/D109, """")","=IF(AND(ISNUMBER(F109), ISNUMBER(H109)), ABS(F109-H109)/F109, """")","=AVERAGE(D109, IFERROR(F109, D109), IFERROR(H109, D109))"
PHY9730B1062,XURPAS INC,PHP,11.87,,,PSE:XURPAS,"=INDEX(GOOGLEFINANCE(""PSE:XURPAS"", ""close"", DATE(2026,5,31)), 2, 2)","=IF(ISNUMBER(F110), ABS(D110-F110)/D110, """")","=IF(ISNUMBER(H110), ABS(D110-H110)/D110, """")","=IF(AND(ISNUMBER(F110), ISNUMBER(H110)), ABS(F110-H110)/F110, """")","=AVERAGE(D110, IFERROR(F110, D110), IFERROR(H110, D110))"
PHY716171079,PUREGOLD,PHP,35.975,,,PSE:PUREGOLD,"=INDEX(GOOGLEFINANCE(""PSE:PUREGOLD"", ""close"", DATE(2026,5,31)), 2, 2)","=IF(ISNUMBER(F111), ABS(D111-F111)/D111, """")","=IF(ISNUMBER(H111), ABS(D111-H111)/D111, """")","=IF(AND(ISNUMBER(F111), ISNUMBER(H111)), ABS(F111-H111)/F111, """")","=AVERAGE(D111, IFERROR(F111, D111), IFERROR(H111, D111))"
USP989MJAU54,YPF 8.875% 12/18,USD,108.8,,,,,"=IF(ISNUMBER(F112), ABS(D112-F112)/D112, """")","=IF(ISNUMBER(H112), ABS(D112-H112)/D112, """")","=IF(AND(ISNUMBER(F112), ISNUMBER(H112)), ABS(F112-H112)/F112, """")","=AVERAGE(D112, IFERROR(F112, D112), IFERROR(H112, D112))"
XS1150999818,DUBAI PRK HSBC PNOTE,USD,0.428816,,,,,"=IF(ISNUMBER(F113), ABS(D113-F113)/D113, """")","=IF(ISNUMBER(H113), ABS(D113-H113)/D113, """")","=IF(AND(ISNUMBER(F113), ISNUMBER(H113)), ABS(F113-H113)/F113, """")","=AVERAGE(D113, IFERROR(F113, D113), IFERROR(H113, D113))"
IM00B23XCH02,NEP ZAR GS SWAP,ZAR,175.6,,,,,"=IF(ISNUMBER(F114), ABS(D114-F114)/D114, """")","=IF(ISNUMBER(H114), ABS(D114-H114)/D114, """")","=IF(AND(ISNUMBER(F114), ISNUMBER(H114)), ABS(F114-H114)/F114, """")","=AVERAGE(D114, IFERROR(F114, D114), IFERROR(H114, D114))"
US87217U2087,TBC BANK GDR,USD,13.0,,,,,"=IF(ISNUMBER(F115), ABS(D115-F115)/D115, """")","=IF(ISNUMBER(H115), ABS(D115-H115)/D115, """")","=IF(AND(ISNUMBER(F115), ISNUMBER(H115)), ABS(F115-H115)/F115, """")","=AVERAGE(D115, IFERROR(F115, D115), IFERROR(H115, D115))"
ZAE000074142,MEDICLINIC GS SWAP,ZAR,120.25,,,,,"=IF(ISNUMBER(F116), ABS(D116-F116)/D116, """")","=IF(ISNUMBER(H116), ABS(D116-H116)/D116, """")","=IF(AND(ISNUMBER(F116), ISNUMBER(H116)), ABS(F116-H116)/F116, """")","=AVERAGE(D116, IFERROR(F116, D116), IFERROR(H116, D116))"
RU000A0JNAA8,POLYUS LOCAL,USD,65.399717,,,,,"=IF(ISNUMBER(F117), ABS(D117-F117)/D117, """")","=IF(ISNUMBER(H117), ABS(D117-H117)/D117, """")","=IF(AND(ISNUMBER(F117), ISNUMBER(H117)), ABS(F117-H117)/F117, """")","=AVERAGE(D117, IFERROR(F117, D117), IFERROR(H117, D117))"
NGGUARANTY06,GT BANK GS SWAP,USD,0.116288,,,,,"=IF(ISNUMBER(F118), ABS(D118-F118)/D118, """")","=IF(ISNUMBER(H118), ABS(D118-H118)/D118, """")","=IF(AND(ISNUMBER(F118), ISNUMBER(H118)), ABS(F118-H118)/F118, """")","=AVERAGE(D118, IFERROR(F118, D118), IFERROR(H118, D118))"
NGZENITHBNK9,ZENITH BANK GS SWAP,USD,0.065034,,,,,"=IF(ISNUMBER(F119), ABS(D119-F119)/D119, """")","=IF(ISNUMBER(H119), ABS(D119-H119)/D119, """")","=IF(AND(ISNUMBER(F119), ISNUMBER(H119)), ABS(F119-H119)/F119, """")","=AVERAGE(D119, IFERROR(F119, D119), IFERROR(H119, D119))"
PK0018103017,KOHINOOR TEXT RIGHTS,PKR,1.25,,,,,"=IF(ISNUMBER(F120), ABS(D120-F120)/D120, """")","=IF(ISNUMBER(H120), ABS(D120-H120)/D120, """")","=IF(AND(ISNUMBER(F120), ISNUMBER(H120)), ABS(F120-H120)/F120, """")","=AVERAGE(D120, IFERROR(F120, D120), IFERROR(H120, D120))"
VGG812641063,SIERRA RUTILE LTD,GBP,0.22125,,,,,"=IF(ISNUMBER(F121), ABS(D121-F121)/D121, """")","=IF(ISNUMBER(H121), ABS(D121-H121)/D121, """")","=IF(AND(ISNUMBER(F121), ISNUMBER(H121)), ABS(F121-H121)/F121, """")","=AVERAGE(D121, IFERROR(F121, D121), IFERROR(H121, D121))"
VGG402261058,GOBI COAL,USD,1e-06,,,,,"=IF(ISNUMBER(F122), ABS(D122-F122)/D122, """")","=IF(ISNUMBER(H122), ABS(D122-H122)/D122, """")","=IF(AND(ISNUMBER(F122), ISNUMBER(H122)), ABS(F122-H122)/F122, """")","=AVERAGE(D122, IFERROR(F122, D122), IFERROR(H122, D122))"
PK0066201010,MAPLE LEAF CEMENT,PKR,69.99,,,,,"=IF(ISNUMBER(F123), ABS(D123-F123)/D123, """")","=IF(ISNUMBER(H123), ABS(D123-H123)/D123, """")","=IF(AND(ISNUMBER(F123), ISNUMBER(H123)), ABS(F123-H123)/F123, """")","=AVERAGE(D123, IFERROR(F123, D123), IFERROR(H123, D123))"
US8792732096,TELECO ARGENTINA ADR,USD,21.935,,,,,"=IF(ISNUMBER(F124), ABS(D124-F124)/D124, """")","=IF(ISNUMBER(H124), ABS(D124-H124)/D124, """")","=IF(AND(ISNUMBER(F124), ISNUMBER(H124)), ABS(F124-H124)/F124, """")","=AVERAGE(D124, IFERROR(F124, D124), IFERROR(H124, D124))"
PK0108001014,HASCOL PETROLEUM,PKR,256.88,,,,,"=IF(ISNUMBER(F125), ABS(D125-F125)/D125, """")","=IF(ISNUMBER(H125), ABS(D125-H125)/D125, """")","=IF(AND(ISNUMBER(F125), ISNUMBER(H125)), ABS(F125-H125)/F125, """")","=AVERAGE(D125, IFERROR(F125, D125), IFERROR(H125, D125))"
XS1650080739,ALMARAI HSBC PNOTE,USD,13.53207,,,,,"=IF(ISNUMBER(F126), ABS(D126-F126)/D126, """")","=IF(ISNUMBER(H126), ABS(D126-H126)/D126, """")","=IF(AND(ISNUMBER(F126), ISNUMBER(H126)), ABS(F126-H126)/F126, """")","=AVERAGE(D126, IFERROR(F126, D126), IFERROR(H126, D126))"
US6976602077,PAMPA ENERGIA ADR,USD,35.75,,,,,"=IF(ISNUMBER(F127), ABS(D127-F127)/D127, """")","=IF(ISNUMBER(H127), ABS(D127-H127)/D127, """")","=IF(AND(ISNUMBER(F127), ISNUMBER(H127)), ABS(F127-H127)/F127, """")","=AVERAGE(D127, IFERROR(F127, D127), IFERROR(H127, D127))"
IM00BDD7WV31,NEPI ROCK GS SWAP,ZAR,139.12,,,,,"=IF(ISNUMBER(F128), ABS(D128-F128)/D128, """")","=IF(ISNUMBER(H128), ABS(D128-H128)/D128, """")","=IF(AND(ISNUMBER(F128), ISNUMBER(H128)), ABS(F128-H128)/F128, """")","=AVERAGE(D128, IFERROR(F128, D128), IFERROR(H128, D128))"
ARCABH300011,CABLEVISION HOLDINGS,ARS,349.75,,,,,"=IF(ISNUMBER(F129), ABS(D129-F129)/D129, """")","=IF(ISNUMBER(H129), ABS(D129-H129)/D129, """")","=IF(AND(ISNUMBER(F129), ISNUMBER(H129)), ABS(F129-H129)/F129, """")","=AVERAGE(D129, IFERROR(F129, D129), IFERROR(H129, D129))"
XS1846642244,SB ZIM CLN 0% 2018,USD,46.0485,,,,,"=IF(ISNUMBER(F130), ABS(D130-F130)/D130, """")","=IF(ISNUMBER(H130), ABS(D130-H130)/D130, """")","=IF(AND(ISNUMBER(F130), ISNUMBER(H130)), ABS(F130-H130)/F130, """")","=AVERAGE(D130, IFERROR(F130, D130), IFERROR(H130, D130))"
US54150E1047,LOMA NEGRA ADR,USD,6.825,,,,,"=IF(ISNUMBER(F131), ABS(D131-F131)/D131, """")","=IF(ISNUMBER(H131), ABS(D131-H131)/D131, """")","=IF(AND(ISNUMBER(F131), ISNUMBER(H131)), ABS(F131-H131)/F131, """")","=AVERAGE(D131, IFERROR(F131, D131), IFERROR(H131, D131))"
DE000DM7GUD4,VIN RETAIL DB PNOTE,USD,2.198987,,,,,"=IF(ISNUMBER(F132), ABS(D132-F132)/D132, """")","=IF(ISNUMBER(H132), ABS(D132-H132)/D132, """")","=IF(AND(ISNUMBER(F132), ISNUMBER(H132)), ABS(F132-H132)/F132, """")","=AVERAGE(D132, IFERROR(F132, D132), IFERROR(H132, D132))"
ROSFGPACNOR4,SPHERA FRANCHISE,RON,29.1,,,,,"=IF(ISNUMBER(F133), ABS(D133-F133)/D133, """")","=IF(ISNUMBER(H133), ABS(D133-H133)/D133, """")","=IF(AND(ISNUMBER(F133), ISNUMBER(H133)), ABS(F133-H133)/F133, """")","=AVERAGE(D133, IFERROR(F133, D133), IFERROR(H133, D133))"
US07329M1009,BANCO FRANCES ADR,USD,17.125,,,,,"=IF(ISNUMBER(F134), ABS(D134-F134)/D134, """")","=IF(ISNUMBER(H134), ABS(D134-H134)/D134, """")","=IF(AND(ISNUMBER(F134), ISNUMBER(H134)), ABS(F134-H134)/F134, """")","=AVERAGE(D134, IFERROR(F134, D134), IFERROR(H134, D134))"
PK0080201012,OIL&GAS DEV GS SWAP,USD,1.185073,,,,,"=IF(ISNUMBER(F135), ABS(D135-F135)/D135, """")","=IF(ISNUMBER(H135), ABS(D135-H135)/D135, """")","=IF(AND(ISNUMBER(F135), ISNUMBER(H135)), ABS(F135-H135)/F135, """")","=AVERAGE(D135, IFERROR(F135, D135), IFERROR(H135, D135))"
PK0004901010,ADAMJEE INSURANCE,PKR,44.15,,,,,"=IF(ISNUMBER(F136), ABS(D136-F136)/D136, """")","=IF(ISNUMBER(H136), ABS(D136-H136)/D136, """")","=IF(AND(ISNUMBER(F136), ISNUMBER(H136)), ABS(F136-H136)/F136, """")","=AVERAGE(D136, IFERROR(F136, D136), IFERROR(H136, D136))"
NL0012328801,DOMINOS EURASIA UK,GBP,0.7775,,,,,"=IF(ISNUMBER(F137), ABS(D137-F137)/D137, """")","=IF(ISNUMBER(H137), ABS(D137-H137)/D137, """")","=IF(AND(ISNUMBER(F137), ISNUMBER(H137)), ABS(F137-H137)/F137, """")","=AVERAGE(D137, IFERROR(F137, D137), IFERROR(H137, D137))"
PK0071501016,LUCKY CEMENT,PKR,489.3,,,,,"=IF(ISNUMBER(F138), ABS(D138-F138)/D138, """")","=IF(ISNUMBER(H138), ABS(D138-H138)/D138, """")","=IF(AND(ISNUMBER(F138), ISNUMBER(H138)), ABS(F138-H138)/F138, """")","=AVERAGE(D138, IFERROR(F138, D138), IFERROR(H138, D138))"
NGDANGCEM008,DANGOTE CEM MS SWAP,USD,0.610238,,,,,"=IF(ISNUMBER(F139), ABS(D139-F139)/D139, """")","=IF(ISNUMBER(H139), ABS(D139-H139)/D139, """")","=IF(AND(ISNUMBER(F139), ISNUMBER(H139)), ABS(F139-H139)/F139, """")","=AVERAGE(D139, IFERROR(F139, D139), IFERROR(H139, D139))"
DE000DM096U8,VP BANK DB PNOTE,USD,1.029683,,,,,"=IF(ISNUMBER(F140), ABS(D140-F140)/D140, """")","=IF(ISNUMBER(H140), ABS(D140-H140)/D140, """")","=IF(AND(ISNUMBER(F140), ISNUMBER(H140)), ABS(F140-H140)/F140, """")","=AVERAGE(D140, IFERROR(F140, D140), IFERROR(H140, D140))"
VN000000DHG0,DHG PHARMA JSC,VND,82349.999998,,,,,"=IF(ISNUMBER(F141), ABS(D141-F141)/D141, """")","=IF(ISNUMBER(H141), ABS(D141-H141)/D141, """")","=IF(AND(ISNUMBER(F141), ISNUMBER(H141)), ABS(F141-H141)/F141, """")","=AVERAGE(D141, IFERROR(F141, D141), IFERROR(H141, D141))"
US37950E6894,MSCI PAK HSBC SWAP,USD,9.265,,,,,"=IF(ISNUMBER(F142), ABS(D142-F142)/D142, """")","=IF(ISNUMBER(H142), ABS(D142-H142)/D142, """")","=IF(AND(ISNUMBER(F142), ISNUMBER(H142)), ABS(F142-H142)/F142, """")","=AVERAGE(D142, IFERROR(F142, D142), IFERROR(H142, D142))"
CWN564923464,EMIRATES NBD ML WRNT,USD,2.606861,,,,,"=IF(ISNUMBER(F143), ABS(D143-F143)/D143, """")","=IF(ISNUMBER(H143), ABS(D143-H143)/D143, """")","=IF(AND(ISNUMBER(F143), ISNUMBER(H143)), ABS(F143-H143)/F143, """")","=AVERAGE(D143, IFERROR(F143, D143), IFERROR(H143, D143))"
US42207L1061,HEADHUNTER GROUP ADR,USD,16.185,,,,,"=IF(ISNUMBER(F144), ABS(D144-F144)/D144, """")","=IF(ISNUMBER(H144), ABS(D144-H144)/D144, """")","=IF(AND(ISNUMBER(F144), ISNUMBER(H144)), ABS(F144-H144)/F144, """")","=AVERAGE(D144, IFERROR(F144, D144), IFERROR(H144, D144))"
HU0000120720,WABERERS INT ZRT,HUF,1632.5,,,,,"=IF(ISNUMBER(F145), ABS(D145-F145)/D145, """")","=IF(ISNUMBER(H145), ABS(D145-H145)/D145, """")","=IF(AND(ISNUMBER(F145), ISNUMBER(H145)), ABS(F145-H145)/F145, """")","=AVERAGE(D145, IFERROR(F145, D145), IFERROR(H145, D145))"
PLEURCH00011,EUROCASH GS SWAP PLN,PLN,21.21,,,WSE:EUROCASH,"=INDEX(GOOGLEFINANCE(""WSE:EUROCASH"", ""close"", DATE(2026,5,31)), 2, 2)","=IF(ISNUMBER(F146), ABS(D146-F146)/D146, """")","=IF(ISNUMBER(H146), ABS(D146-H146)/D146, """")","=IF(AND(ISNUMBER(F146), ISNUMBER(H146)), ABS(F146-H146)/F146, """")","=AVERAGE(D146, IFERROR(F146, D146), IFERROR(H146, D146))"
SA000A0DM9P2,ETIHAD ETIS GS SWAP,USD,5.839611,,,,,"=IF(ISNUMBER(F147), ABS(D147-F147)/D147, """")","=IF(ISNUMBER(H147), ABS(D147-H147)/D147, """")","=IF(AND(ISNUMBER(F147), ISNUMBER(H147)), ABS(F147-H147)/F147, """")","=AVERAGE(D147, IFERROR(F147, D147), IFERROR(H147, D147))"
KE0000000315,KENYA COMM BANK LTD,KES,35.05,,,,,"=IF(ISNUMBER(F148), ABS(D148-F148)/D148, """")","=IF(ISNUMBER(H148), ABS(D148-H148)/D148, """")","=IF(AND(ISNUMBER(F148), ISNUMBER(H148)), ABS(F148-H148)/F148, """")","=AVERAGE(D148, IFERROR(F148, D148), IFERROR(H148, D148))"
GB00BH3VJ782,NETWORK INT GS SWAP,GBP,4.094,,,,,"=IF(ISNUMBER(F149), ABS(D149-F149)/D149, """")","=IF(ISNUMBER(H149), ABS(D149-H149)/D149, """")","=IF(AND(ISNUMBER(F149), ISNUMBER(H149)), ABS(F149-H149)/F149, """")","=AVERAGE(D149, IFERROR(F149, D149), IFERROR(H149, D149))"
VN000000HPG4,HOA PHAT GROUP JSC,VND,23275.0,,,,,"=IF(ISNUMBER(F150), ABS(D150-F150)/D150, """")","=IF(ISNUMBER(H150), ABS(D150-H150)/D150, """")","=IF(AND(ISNUMBER(F150), ISNUMBER(H150)), ABS(F150-H150)/F150, """")","=AVERAGE(D150, IFERROR(F150, D150), IFERROR(H150, D150))"
XS1987708333,OLD MUTUAL SB PNOTE,USD,0.529025,,,,,"=IF(ISNUMBER(F151), ABS(D151-F151)/D151, """")","=IF(ISNUMBER(H151), ABS(D151-H151)/D151, """")","=IF(AND(ISNUMBER(F151), ISNUMBER(H151)), ABS(F151-H151)/F151, """")","=AVERAGE(D151, IFERROR(F151, D151), IFERROR(H151, D151))"
ES0105375002,AMREST HOLDINGS SE,PLN,24.8,,,,,"=IF(ISNUMBER(F152), ABS(D152-F152)/D152, """")","=IF(ISNUMBER(H152), ABS(D152-H152)/D152, """")","=IF(AND(ISNUMBER(F152), ISNUMBER(H152)), ABS(F152-H152)/F152, """")","=AVERAGE(D152, IFERROR(F152, D152), IFERROR(H152, D152))"
US4642872349,ISHARES EM GS SWAP,USD,48.085,,,,,"=IF(ISNUMBER(F153), ABS(D153-F153)/D153, """")","=IF(ISNUMBER(H153), ABS(D153-H153)/D153, """")","=IF(AND(ISNUMBER(F153), ISNUMBER(H153)), ABS(F153-H153)/F153, """")","=AVERAGE(D153, IFERROR(F153, D153), IFERROR(H153, D153))"
SA0007879154,SAUDI CERAMIC CO,SAR,24.24,,,,,"=IF(ISNUMBER(F154), ABS(D154-F154)/D154, """")","=IF(ISNUMBER(H154), ABS(D154-H154)/D154, """")","=IF(AND(ISNUMBER(F154), ISNUMBER(H154)), ABS(F154-H154)/F154, """")","=AVERAGE(D154, IFERROR(F154, D154), IFERROR(H154, D154))"
US66981G2075,AB IGNITIS GRUPE GDR,EUR,19.65,,,,,"=IF(ISNUMBER(F155), ABS(D155-F155)/D155, """")","=IF(ISNUMBER(H155), ABS(D155-H155)/D155, """")","=IF(AND(ISNUMBER(F155), ISNUMBER(H155)), ABS(F155-H155)/F155, """")","=AVERAGE(D155, IFERROR(F155, D155), IFERROR(H155, D155))"
LU1642887738,PLAY COMMUNICATIONS,PLN,29.22,,,,,"=IF(ISNUMBER(F156), ABS(D156-F156)/D156, """")","=IF(ISNUMBER(H156), ABS(D156-H156)/D156, """")","=IF(AND(ISNUMBER(F156), ISNUMBER(H156)), ABS(F156-H156)/F156, """")","=AVERAGE(D156, IFERROR(F156, D156), IFERROR(H156, D156))"
QA0006929853,QIB GS SWAP,USD,4.417894,,,,,"=IF(ISNUMBER(F157), ABS(D157-F157)/D157, """")","=IF(ISNUMBER(H157), ABS(D157-H157)/D157, """")","=IF(AND(ISNUMBER(F157), ISNUMBER(H157)), ABS(F157-H157)/F157, """")","=AVERAGE(D157, IFERROR(F157, D157), IFERROR(H157, D157))"
CZ0008040318,MONETA MONEY BANK,CZK,65.2,,,,,"=IF(ISNUMBER(F158), ABS(D158-F158)/D158, """")","=IF(ISNUMBER(H158), ABS(D158-H158)/D158, """")","=IF(AND(ISNUMBER(F158), ISNUMBER(H158)), ABS(F158-H158)/F158, """")","=AVERAGE(D158, IFERROR(F158, D158), IFERROR(H158, D158))"
LT0000115768,AB IGNITIS GRUPE,EUR,20.175,,,,,"=IF(ISNUMBER(F159), ABS(D159-F159)/D159, """")","=IF(ISNUMBER(H159), ABS(D159-H159)/D159, """")","=IF(AND(ISNUMBER(F159), ISNUMBER(H159)), ABS(F159-H159)/F159, """")","=AVERAGE(D159, IFERROR(F159, D159), IFERROR(H159, D159))"
QA000A0Q5NE9,VODAFONE QTR GS SWAP,USD,2.359148,,,,,"=IF(ISNUMBER(F160), ABS(D160-F160)/D160, """")","=IF(ISNUMBER(H160), ABS(D160-H160)/D160, """")","=IF(AND(ISNUMBER(F160), ISNUMBER(H160)), ABS(F160-H160)/F160, """")","=AVERAGE(D160, IFERROR(F160, D160), IFERROR(H160, D160))"
SA0007879089,SAUDI BRIT GS SWAP,USD,6.670576,,,,,"=IF(ISNUMBER(F161), ABS(D161-F161)/D161, """")","=IF(ISNUMBER(H161), ABS(D161-H161)/D161, """")","=IF(AND(ISNUMBER(F161), ISNUMBER(H161)), ABS(F161-H161)/F161, """")","=AVERAGE(D161, IFERROR(F161, D161), IFERROR(H161, D161))"
BRWESTACNOR3,WESTWING,BRL,11.285,,,,,"=IF(ISNUMBER(F162), ABS(D162-F162)/D162, """")","=IF(ISNUMBER(H162), ABS(D162-H162)/D162, """")","=IF(AND(ISNUMBER(F162), ISNUMBER(H162)), ABS(F162-H162)/F162, """")","=AVERAGE(D162, IFERROR(F162, D162), IFERROR(H162, D162))"
US44853H1086,HUUUGE INC,PLN,37.3375,,,,,"=IF(ISNUMBER(F163), ABS(D163-F163)/D163, """")","=IF(ISNUMBER(H163), ABS(D163-H163)/D163, """")","=IF(AND(ISNUMBER(F163), ISNUMBER(H163)), ABS(F163-H163)/F163, """")","=AVERAGE(D163, IFERROR(F163, D163), IFERROR(H163, D163))"
PLOPTTC00011,CD PROJ HSBC SWAP EU,EUR,39.706468,,,WSE:CD,"=INDEX(GOOGLEFINANCE(""WSE:CD"", ""close"", DATE(2026,5,31)), 2, 2)","=IF(ISNUMBER(F164), ABS(D164-F164)/D164, """")","=IF(ISNUMBER(H164), ABS(D164-H164)/D164, """")","=IF(AND(ISNUMBER(F164), ISNUMBER(H164)), ABS(F164-H164)/F164, """")","=AVERAGE(D164, IFERROR(F164, D164), IFERROR(H164, D164))"
US81141R1005,SEA LTD ADR,USD,206.3,,,,,"=IF(ISNUMBER(F165), ABS(D165-F165)/D165, """")","=IF(ISNUMBER(H165), ABS(D165-H165)/D165, """")","=IF(AND(ISNUMBER(F165), ISNUMBER(H165)), ABS(F165-H165)/F165, """")","=AVERAGE(D165, IFERROR(F165, D165), IFERROR(H165, D165))"
US23292E1082,DIDI GLOBAL INC,USD,14.275,,,,,"=IF(ISNUMBER(F166), ABS(D166-F166)/D166, """")","=IF(ISNUMBER(H166), ABS(D166-H166)/D166, """")","=IF(AND(ISNUMBER(F166), ISNUMBER(H166)), ABS(F166-H166)/F166, """")","=AVERAGE(D166, IFERROR(F166, D166), IFERROR(H166, D166))"
VN0FUEVFVND5,VFMVN DIAMOND ETF,VND,25781.46,,,,,"=IF(ISNUMBER(F167), ABS(D167-F167)/D167, """")","=IF(ISNUMBER(H167), ABS(D167-H167)/D167, """")","=IF(AND(ISNUMBER(F167), ISNUMBER(H167)), ABS(F167-H167)/F167, """")","=AVERAGE(D167, IFERROR(F167, D167), IFERROR(H167, D167))"
PLDINPL00011,DINO EUR GS SWAP,EUR,63.525757,,,WSE:DNP,"=INDEX(GOOGLEFINANCE(""WSE:DNP"", ""close"", DATE(2026,5,31)), 2, 2)","=IF(ISNUMBER(F168), ABS(D168-F168)/D168, """")","=IF(ISNUMBER(H168), ABS(D168-H168)/D168, """")","=IF(AND(ISNUMBER(F168), ISNUMBER(H168)), ABS(F168-H168)/F168, """")","=AVERAGE(D168, IFERROR(F168, D168), IFERROR(H168, D168))"
US98459U1034,YALLA GROUP LTD CFD GOLDM,USD,7.66,,,,,"=IF(ISNUMBER(F169), ABS(D169-F169)/D169, """")","=IF(ISNUMBER(H169), ABS(D169-H169)/D169, """")","=IF(AND(ISNUMBER(F169), ISNUMBER(H169)), ABS(F169-H169)/F169, """")","=AVERAGE(D169, IFERROR(F169, D169), IFERROR(H169, D169))"
US50218G2066,LSR GDR GS SWAP,USD,2.679,,,,,"=IF(ISNUMBER(F170), ABS(D170-F170)/D170, """")","=IF(ISNUMBER(H170), ABS(D170-H170)/D170, """")","=IF(AND(ISNUMBER(F170), ISNUMBER(H170)), ABS(F170-H170)/F170, """")","=AVERAGE(D170, IFERROR(F170, D170), IFERROR(H170, D170))"
RU000A0DQZE3,SISTEMA,USD,1.031322,,,,,"=IF(ISNUMBER(F171), ABS(D171-F171)/D171, """")","=IF(ISNUMBER(H171), ABS(D171-H171)/D171, """")","=IF(AND(ISNUMBER(F171), ISNUMBER(H171)), ABS(F171-H171)/F171, """")","=AVERAGE(D171, IFERROR(F171, D171), IFERROR(H171, D171))"
GB00B81PHH50,AL RAJHI GS PNOTE,USD,19.898673,,,,,"=IF(ISNUMBER(F172), ABS(D172-F172)/D172, """")","=IF(ISNUMBER(H172), ABS(D172-H172)/D172, """")","=IF(AND(ISNUMBER(F172), ISNUMBER(H172)), ABS(F172-H172)/F172, """")","=AVERAGE(D172, IFERROR(F172, D172), IFERROR(H172, D172))"
US6074091090,MBT ADR GS SWAP,USD,16.645,,,,,"=IF(ISNUMBER(F173), ABS(D173-F173)/D173, """")","=IF(ISNUMBER(H173), ABS(D173-H173)/D173, """")","=IF(AND(ISNUMBER(F173), ISNUMBER(H173)), ABS(F173-H173)/F173, """")","=AVERAGE(D173, IFERROR(F173, D173), IFERROR(H173, D173))"
US55953Q2021,MAGNIT GDR GS SWAP,USD,48.675,,,,,"=IF(ISNUMBER(F174), ABS(D174-F174)/D174, """")","=IF(ISNUMBER(H174), ABS(D174-H174)/D174, """")","=IF(AND(ISNUMBER(F174), ISNUMBER(H174)), ABS(F174-H174)/F174, """")","=AVERAGE(D174, IFERROR(F174, D174), IFERROR(H174, D174))"
AT0000641352,CA IMMO ANLAGEN,EUR,15.6125,,,,,"=IF(ISNUMBER(F175), ABS(D175-F175)/D175, """")","=IF(ISNUMBER(H175), ABS(D175-H175)/D175, """")","=IF(AND(ISNUMBER(F175), ISNUMBER(H175)), ABS(F175-H175)/F175, """")","=AVERAGE(D175, IFERROR(F175, D175), IFERROR(H175, D175))"
JE00B55Q3P39,GENEL ENERGY PLC,GBP,6.08,,,,,"=IF(ISNUMBER(F176), ABS(D176-F176)/D176, """")","=IF(ISNUMBER(H176), ABS(D176-H176)/D176, """")","=IF(AND(ISNUMBER(F176), ISNUMBER(H176)), ABS(F176-H176)/F176, """")","=AVERAGE(D176, IFERROR(F176, D176), IFERROR(H176, D176))"
AT0000A11806,BT TURBO (RAIF) RON,RON,0.36,,,,,"=IF(ISNUMBER(F177), ABS(D177-F177)/D177, """")","=IF(ISNUMBER(H177), ABS(D177-H177)/D177, """")","=IF(AND(ISNUMBER(F177), ISNUMBER(H177)), ABS(F177-H177)/F177, """")","=AVERAGE(D177, IFERROR(F177, D177), IFERROR(H177, D177))"
FR0004188670,TARKETT SA,EUR,27.95,,,,,"=IF(ISNUMBER(F178), ABS(D178-F178)/D178, """")","=IF(ISNUMBER(H178), ABS(D178-H178)/D178, """")","=IF(AND(ISNUMBER(F178), ISNUMBER(H178)), ABS(F178-H178)/F178, """")","=AVERAGE(D178, IFERROR(F178, D178), IFERROR(H178, D178))"
LK009A22GAQ5,JK DB PNOTE WTS 1,USD,0.480777,,,,,"=IF(ISNUMBER(F179), ABS(D179-F179)/D179, """")","=IF(ISNUMBER(H179), ABS(D179-H179)/D179, """")","=IF(AND(ISNUMBER(F179), ISNUMBER(H179)), ABS(F179-H179)/F179, """")","=AVERAGE(D179, IFERROR(F179, D179), IFERROR(H179, D179))"
AT0000A153T9,RAIFFEISEN CLAWBACK,EUR,28.5,,,,,"=IF(ISNUMBER(F180), ABS(D180-F180)/D180, """")","=IF(ISNUMBER(H180), ABS(D180-H180)/D180, """")","=IF(AND(ISNUMBER(F180), ISNUMBER(H180)), ABS(F180-H180)/F180, """")","=AVERAGE(D180, IFERROR(F180, D180), IFERROR(H180, D180))"
ROBRDBACNOR2,BRD RO RAIF SWAP,RON,9.7775,,,,,"=IF(ISNUMBER(F181), ABS(D181-F181)/D181, """")","=IF(ISNUMBER(H181), ABS(D181-H181)/D181, """")","=IF(AND(ISNUMBER(F181), ISNUMBER(H181)), ABS(F181-H181)/F181, """")","=AVERAGE(D181, IFERROR(F181, D181), IFERROR(H181, D181))"
GRS015013006,ALPHA BANK GS SWAP,EUR,0.6845,,,,,"=IF(ISNUMBER(F182), ABS(D182-F182)/D182, """")","=IF(ISNUMBER(H182), ABS(D182-H182)/D182, """")","=IF(AND(ISNUMBER(F182), ISNUMBER(H182)), ABS(F182-H182)/F182, """")","=AVERAGE(D182, IFERROR(F182, D182), IFERROR(H182, D182))"
XS0980139116,SEMBCORP HSBC PNOTE,USD,6.117837,,,,,"=IF(ISNUMBER(F183), ABS(D183-F183)/D183, """")","=IF(ISNUMBER(H183), ABS(D183-H183)/D183, """")","=IF(AND(ISNUMBER(F183), ISNUMBER(H183)), ABS(F183-H183)/F183, """")","=AVERAGE(D183, IFERROR(F183, D183), IFERROR(H183, D183))"
KYG618201092,MODERN DENTAL GROUP,HKD,4.525,,,,,"=IF(ISNUMBER(F184), ABS(D184-F184)/D184, """")","=IF(ISNUMBER(H184), ABS(D184-H184)/D184, """")","=IF(AND(ISNUMBER(F184), ISNUMBER(H184)), ABS(F184-H184)/F184, """")","=AVERAGE(D184, IFERROR(F184, D184), IFERROR(H184, D184))"
USL6366MAB92,MHP 10.25% 2015,USD,98.0,,,,,"=IF(ISNUMBER(F185), ABS(D185-F185)/D185, """")","=IF(ISNUMBER(H185), ABS(D185-H185)/D185, """")","=IF(AND(ISNUMBER(F185), ISNUMBER(H185)), ABS(F185-H185)/F185, """")","=AVERAGE(D185, IFERROR(F185, D185), IFERROR(H185, D185))"
DE000DE3BSH9,SAUDI TEL DB PNOTE,USD,16.4978,,,,,"=IF(ISNUMBER(F186), ABS(D186-F186)/D186, """")","=IF(ISNUMBER(H186), ABS(D186-H186)/D186, """")","=IF(AND(ISNUMBER(F186), ISNUMBER(H186)), ABS(F186-H186)/F186, """")","=AVERAGE(D186, IFERROR(F186, D186), IFERROR(H186, D186))"
DE000DB9KGV6,JOHN KEELLS DB PNOTE,USD,1.071209,,,,,"=IF(ISNUMBER(F187), ABS(D187-F187)/D187, """")","=IF(ISNUMBER(H187), ABS(D187-H187)/D187, """")","=IF(AND(ISNUMBER(F187), ISNUMBER(H187)), ABS(F187-H187)/F187, """")","=AVERAGE(D187, IFERROR(F187, D187), IFERROR(H187, D187))"
XS1239091868,CATERING HSBC PNOTE,USD,30.765436,,,,,"=IF(ISNUMBER(F188), ABS(D188-F188)/D188, """")","=IF(ISNUMBER(H188), ABS(D188-H188)/D188, """")","=IF(AND(ISNUMBER(F188), ISNUMBER(H188)), ABS(F188-H188)/F188, """")","=AVERAGE(D188, IFERROR(F188, D188), IFERROR(H188, D188))"
XS1196741828,MOUWASAT HSBC PNOTE,USD,33.730687,,,,,"=IF(ISNUMBER(F189), ABS(D189-F189)/D189, """")","=IF(ISNUMBER(H189), ABS(D189-H189)/D189, """")","=IF(AND(ISNUMBER(F189), ISNUMBER(H189)), ABS(F189-H189)/F189, """")","=AVERAGE(D189, IFERROR(F189, D189), IFERROR(H189, D189))"
KYG6382M1096,NAGACORP GS SWAP USD,USD,0.707049,,,,,"=IF(ISNUMBER(F190), ABS(D190-F190)/D190, """")","=IF(ISNUMBER(H190), ABS(D190-H190)/D190, """")","=IF(AND(ISNUMBER(F190), ISNUMBER(H190)), ABS(F190-H190)/F190, """")","=AVERAGE(D190, IFERROR(F190, D190), IFERROR(H190, D190))"
VGG7762V1076,SABLE MINING AFRICA,GBP,0.00815,,,,,"=IF(ISNUMBER(F191), ABS(D191-F191)/D191, """")","=IF(ISNUMBER(H191), ABS(D191-H191)/D191, """")","=IF(AND(ISNUMBER(F191), ISNUMBER(H191)), ABS(F191-H191)/F191, """")","=AVERAGE(D191, IFERROR(F191, D191), IFERROR(H191, D191))"
XS0953579546,AL KALEEJ HSBC PNOTE,USD,8.716165,,,,,"=IF(ISNUMBER(F192), ABS(D192-F192)/D192, """")","=IF(ISNUMBER(H192), ABS(D192-H192)/D192, """")","=IF(AND(ISNUMBER(F192), ISNUMBER(H192)), ABS(F192-H192)/F192, """")","=AVERAGE(D192, IFERROR(F192, D192), IFERROR(H192, D192))"
PLPGNIG00014,PGNIG GS SWAP,USD,1.252124,,,WSE:PGNIG,"=INDEX(GOOGLEFINANCE(""WSE:PGNIG"", ""close"", DATE(2026,5,31)), 2, 2)","=IF(ISNUMBER(F193), ABS(D193-F193)/D193, """")","=IF(ISNUMBER(H193), ABS(D193-H193)/D193, """")","=IF(AND(ISNUMBER(F193), ISNUMBER(H193)), ABS(F193-H193)/F193, """")","=AVERAGE(D193, IFERROR(F193, D193), IFERROR(H193, D193))"
CA46581Q1028,IVANHOE MINES B SHS,CAD,0.635,,,,,"=IF(ISNUMBER(F194), ABS(D194-F194)/D194, """")","=IF(ISNUMBER(H194), ABS(D194-H194)/D194, """")","=IF(AND(ISNUMBER(F194), ISNUMBER(H194)), ABS(F194-H194)/F194, """")","=AVERAGE(D194, IFERROR(F194, D194), IFERROR(H194, D194))"
CA46579R1047,IVANHOE MINES ORD SH,CAD,0.655,,,,,"=IF(ISNUMBER(F195), ABS(D195-F195)/D195, """")","=IF(ISNUMBER(H195), ABS(D195-H195)/D195, """")","=IF(AND(ISNUMBER(F195), ISNUMBER(H195)), ABS(F195-H195)/F195, """")","=AVERAGE(D195, IFERROR(F195, D195), IFERROR(H195, D195))"
EE3100004466,TALLINK,EUR,0.925,,,,,"=IF(ISNUMBER(F196), ABS(D196-F196)/D196, """")","=IF(ISNUMBER(H196), ABS(D196-H196)/D196, """")","=IF(AND(ISNUMBER(F196), ISNUMBER(H196)), ABS(F196-H196)/F196, """")","=AVERAGE(D196, IFERROR(F196, D196), IFERROR(H196, D196))"
XS0652911420,GEORGIAN OIL 6.875%,USD,100.999,,,,,"=IF(ISNUMBER(F197), ABS(D197-F197)/D197, """")","=IF(ISNUMBER(H197), ABS(D197-H197)/D197, """")","=IF(AND(ISNUMBER(F197), ISNUMBER(H197)), ABS(F197-H197)/F197, """")","=AVERAGE(D197, IFERROR(F197, D197), IFERROR(H197, D197))"
US28106T2096,EDITA GDR GS SWAP,USD,4.275,,,,,"=IF(ISNUMBER(F198), ABS(D198-F198)/D198, """")","=IF(ISNUMBER(H198), ABS(D198-H198)/D198, """")","=IF(AND(ISNUMBER(F198), ISNUMBER(H198)), ABS(F198-H198)/F198, """")","=AVERAGE(D198, IFERROR(F198, D198), IFERROR(H198, D198))"
CWN5645F1192,ARAMEX ML FFSWAP,USD,1.364063,,,,,"=IF(ISNUMBER(F199), ABS(D199-F199)/D199, """")","=IF(ISNUMBER(H199), ABS(D199-H199)/D199, """")","=IF(AND(ISNUMBER(F199), ISNUMBER(H199)), ABS(F199-H199)/F199, """")","=AVERAGE(D199, IFERROR(F199, D199), IFERROR(H199, D199))"
US50042R2040,KOLAO GDR,USD,2.58345,,,,,"=IF(ISNUMBER(F200), ABS(D200-F200)/D200, """")","=IF(ISNUMBER(H200), ABS(D200-H200)/D200, """")","=IF(AND(ISNUMBER(F200), ISNUMBER(H200)), ABS(F200-H200)/F200, """")","=AVERAGE(D200, IFERROR(F200, D200), IFERROR(H200, D200))"
PK0066203065,MAPLE LEAF RIGHTS,PKR,72.75,,,,,"=IF(ISNUMBER(F201), ABS(D201-F201)/D201, """")","=IF(ISNUMBER(H201), ABS(D201-H201)/D201, """")","=IF(AND(ISNUMBER(F201), ISNUMBER(H201)), ABS(F201-H201)/F201, """")","=AVERAGE(D201, IFERROR(F201, D201), IFERROR(H201, D201))"
PK0085101019,HABIB BANK LTD,PKR,160.93,,,,,"=IF(ISNUMBER(F202), ABS(D202-F202)/D202, """")","=IF(ISNUMBER(H202), ABS(D202-H202)/D202, """")","=IF(AND(ISNUMBER(F202), ISNUMBER(H202)), ABS(F202-H202)/F202, """")","=AVERAGE(D202, IFERROR(F202, D202), IFERROR(H202, D202))"
CWN5647G5869,ARAMEX ML WRNT,USD,1.187041,,,,,"=IF(ISNUMBER(F203), ABS(D203-F203)/D203, """")","=IF(ISNUMBER(H203), ABS(D203-H203)/D203, """")","=IF(AND(ISNUMBER(F203), ISNUMBER(H203)), ABS(F203-H203)/F203, """")","=AVERAGE(D203, IFERROR(F203, D203), IFERROR(H203, D203))"
PLXTRDM00011,X-TRADE BROKERS,PLN,11.5,,,WSE:X-TRADE,"=INDEX(GOOGLEFINANCE(""WSE:X-TRADE"", ""close"", DATE(2026,5,31)), 2, 2)","=IF(ISNUMBER(F204), ABS(D204-F204)/D204, """")","=IF(ISNUMBER(H204), ABS(D204-H204)/D204, """")","=IF(AND(ISNUMBER(F204), ISNUMBER(H204)), ABS(F204-H204)/F204, """")","=AVERAGE(D204, IFERROR(F204, D204), IFERROR(H204, D204))"
EGT998015I19,EGP T BILL GS FFSWAP,USD,5.66003,,,,,"=IF(ISNUMBER(F205), ABS(D205-F205)/D205, """")","=IF(ISNUMBER(H205), ABS(D205-H205)/D205, """")","=IF(AND(ISNUMBER(F205), ISNUMBER(H205)), ABS(F205-H205)/F205, """")","=AVERAGE(D205, IFERROR(F205, D205), IFERROR(H205, D205))"
US71646J1097,PETROBRAS ARG ADR,USD,11.33,,,,,"=IF(ISNUMBER(F206), ABS(D206-F206)/D206, """")","=IF(ISNUMBER(H206), ABS(D206-H206)/D206, """")","=IF(AND(ISNUMBER(F206), ISNUMBER(H206)), ABS(F206-H206)/F206, """")","=AVERAGE(D206, IFERROR(F206, D206), IFERROR(H206, D206))"
XS0332046043,IMMFNZ 1.25 RESTRICT,EUR,127.4745,,,,,"=IF(ISNUMBER(F207), ABS(D207-F207)/D207, """")","=IF(ISNUMBER(H207), ABS(D207-H207)/D207, """")","=IF(AND(ISNUMBER(F207), ISNUMBER(H207)), ABS(F207-H207)/F207, """")","=AVERAGE(D207, IFERROR(F207, D207), IFERROR(H207, D207))"
CWN564931046,HUMANSOFT ML WRNT,USD,11.215618,,,,,"=IF(ISNUMBER(F208), ABS(D208-F208)/D208, """")","=IF(ISNUMBER(H208), ABS(D208-H208)/D208, """")","=IF(AND(ISNUMBER(F208), ISNUMBER(H208)), ABS(F208-H208)/F208, """")","=AVERAGE(D208, IFERROR(F208, D208), IFERROR(H208, D208))"
NGNESTLE0006,NESTLE NIG GS SWAP,USD,3.954427,,,,,"=IF(ISNUMBER(F209), ABS(D209-F209)/D209, """")","=IF(ISNUMBER(H209), ABS(D209-H209)/D209, """")","=IF(AND(ISNUMBER(F209), ISNUMBER(H209)), ABS(F209-H209)/F209, """")","=AVERAGE(D209, IFERROR(F209, D209), IFERROR(H209, D209))"
PK0096501017,ENGRO FOODS LTD,PKR,167.33,,,,,"=IF(ISNUMBER(F210), ABS(D210-F210)/D210, """")","=IF(ISNUMBER(H210), ABS(D210-H210)/D210, """")","=IF(AND(ISNUMBER(F210), ISNUMBER(H210)), ABS(F210-H210)/F210, """")","=AVERAGE(D210, IFERROR(F210, D210), IFERROR(H210, D210))"
GB00B759CR16,BOG GS SWAP,GBP,19.103,,,,,"=IF(ISNUMBER(F211), ABS(D211-F211)/D211, """")","=IF(ISNUMBER(H211), ABS(D211-H211)/D211, """")","=IF(AND(ISNUMBER(F211), ISNUMBER(H211)), ABS(F211-H211)/F211, """")","=AVERAGE(D211, IFERROR(F211, D211), IFERROR(H211, D211))"
TREMAVI00037,MAVI GIYIM SANAYI,TRY,29.81,,,,,"=IF(ISNUMBER(F212), ABS(D212-F212)/D212, """")","=IF(ISNUMBER(H212), ABS(D212-H212)/D212, """")","=IF(AND(ISNUMBER(F212), ISNUMBER(H212)), ABS(F212-H212)/F212, """")","=AVERAGE(D212, IFERROR(F212, D212), IFERROR(H212, D212))"
XS0559140875,MRIYA 10.95% 30/3/16,USD,7.457,,,,,"=IF(ISNUMBER(F213), ABS(D213-F213)/D213, """")","=IF(ISNUMBER(H213), ABS(D213-H213)/D213, """")","=IF(AND(ISNUMBER(F213), ISNUMBER(H213)), ABS(F213-H213)/F213, """")","=AVERAGE(D213, IFERROR(F213, D213), IFERROR(H213, D213))"
ZAE000060000,MERAFE RESOURCES LTD,ZAR,1.365,,,,,"=IF(ISNUMBER(F214), ABS(D214-F214)/D214, """")","=IF(ISNUMBER(H214), ABS(D214-H214)/D214, """")","=IF(AND(ISNUMBER(F214), ISNUMBER(H214)), ABS(F214-H214)/F214, """")","=AVERAGE(D214, IFERROR(F214, D214), IFERROR(H214, D214))"
AED000201031,DIB GS SWAP RIGHTS,USD,0.461476,,,,,"=IF(ISNUMBER(F215), ABS(D215-F215)/D215, """")","=IF(ISNUMBER(H215), ABS(D215-H215)/D215, """")","=IF(AND(ISNUMBER(F215), ISNUMBER(H215)), ABS(F215-H215)/F215, """")","=AVERAGE(D215, IFERROR(F215, D215), IFERROR(H215, D215))"
PK0022501016,PAKISTAN STATE OIL,PKR,384.71,,,,,"=IF(ISNUMBER(F216), ABS(D216-F216)/D216, """")","=IF(ISNUMBER(H216), ABS(D216-H216)/D216, """")","=IF(AND(ISNUMBER(F216), ISNUMBER(H216)), ABS(F216-H216)/F216, """")","=AVERAGE(D216, IFERROR(F216, D216), IFERROR(H216, D216))"
US1550382014,CENTRAL PUERTO ADR,USD,9.755,,,,,"=IF(ISNUMBER(F217), ABS(D217-F217)/D217, """")","=IF(ISNUMBER(H217), ABS(D217-H217)/D217, """")","=IF(AND(ISNUMBER(F217), ISNUMBER(H217)), ABS(F217-H217)/F217, """")","=AVERAGE(D217, IFERROR(F217, D217), IFERROR(H217, D217))"
US48666V2043,KAZMUNAIGAS GDR,USD,11.45,,,,,"=IF(ISNUMBER(F218), ABS(D218-F218)/D218, """")","=IF(ISNUMBER(H218), ABS(D218-H218)/D218, """")","=IF(AND(ISNUMBER(F218), ISNUMBER(H218)), ABS(F218-H218)/F218, """")","=AVERAGE(D218, IFERROR(F218, D218), IFERROR(H218, D218))"
SA000A0LB2R6,ALHOKAIR HSBC SWAP,USD,6.932964,,,,,"=IF(ISNUMBER(F219), ABS(D219-F219)/D219, """")","=IF(ISNUMBER(H219), ABS(D219-H219)/D219, """")","=IF(AND(ISNUMBER(F219), ISNUMBER(H219)), ABS(F219-H219)/F219, """")","=AVERAGE(D219, IFERROR(F219, D219), IFERROR(H219, D219))"
PK0018101011,KOHINOOR TEXTILE,PKR,52.0,,,,,"=IF(ISNUMBER(F220), ABS(D220-F220)/D220, """")","=IF(ISNUMBER(H220), ABS(D220-H220)/D220, """")","=IF(AND(ISNUMBER(F220), ISNUMBER(H220)), ABS(F220-H220)/F220, """")","=AVERAGE(D220, IFERROR(F220, D220), IFERROR(H220, D220))"
ROELECACNOR5,ELECTRICA SA,RON,11.58,,,,,"=IF(ISNUMBER(F221), ABS(D221-F221)/D221, """")","=IF(ISNUMBER(H221), ABS(D221-H221)/D221, """")","=IF(AND(ISNUMBER(F221), ISNUMBER(H221)), ABS(F221-H221)/F221, """")","=AVERAGE(D221, IFERROR(F221, D221), IFERROR(H221, D221))"
PK0056201012,PIONEER CEMENT,PKR,69.93,,,,,"=IF(ISNUMBER(F222), ABS(D222-F222)/D222, """")","=IF(ISNUMBER(H222), ABS(D222-H222)/D222, """")","=IF(AND(ISNUMBER(F222), ISNUMBER(H222)), ABS(F222-H222)/F222, """")","=AVERAGE(D222, IFERROR(F222, D222), IFERROR(H222, D222))"
EGS512O1C012,IBNSINA PHARMA SAE,EGP,10.365,,,,,"=IF(ISNUMBER(F223), ABS(D223-F223)/D223, """")","=IF(ISNUMBER(H223), ABS(D223-H223)/D223, """")","=IF(AND(ISNUMBER(F223), ISNUMBER(H223)), ABS(F223-H223)/F223, """")","=AVERAGE(D223, IFERROR(F223, D223), IFERROR(H223, D223))"
CWN5647Q7095,JARIR ML WRNT,USD,46.608983,,,,,"=IF(ISNUMBER(F224), ABS(D224-F224)/D224, """")","=IF(ISNUMBER(H224), ABS(D224-H224)/D224, """")","=IF(AND(ISNUMBER(F224), ISNUMBER(H224)), ABS(F224-H224)/F224, """")","=AVERAGE(D224, IFERROR(F224, D224), IFERROR(H224, D224))"
GB00BJ7HMW26,FINABLR PLC,GBP,0.04421,,,,,"=IF(ISNUMBER(F225), ABS(D225-F225)/D225, """")","=IF(ISNUMBER(H225), ABS(D225-H225)/D225, """")","=IF(AND(ISNUMBER(F225), ISNUMBER(H225)), ABS(F225-H225)/F225, """")","=AVERAGE(D225, IFERROR(F225, D225), IFERROR(H225, D225))"
AEA000801018,ABU DH ISL HSBC SWAP,USD,0.888919,,,ADX:ADIB,"=INDEX(GOOGLEFINANCE(""ADX:ADIB"", ""close"", DATE(2026,5,31)), 2, 2)","=IF(ISNUMBER(F226), ABS(D226-F226)/D226, """")","=IF(ISNUMBER(H226), ABS(D226-H226)/D226, """")","=IF(AND(ISNUMBER(F226), ISNUMBER(H226)), ABS(F226-H226)/F226, """")","=AVERAGE(D226, IFERROR(F226, D226), IFERROR(H226, D226))"
CNE100004272,NONGFU SPRING CO LTD,HKD,21.5,,,HKG:9633,"=INDEX(GOOGLEFINANCE(""HKG:9633"", ""close"", DATE(2026,5,31)), 2, 2)","=IF(ISNUMBER(F227), ABS(D227-F227)/D227, """")","=IF(ISNUMBER(H227), ABS(D227-H227)/D227, """")","=IF(AND(ISNUMBER(F227), ISNUMBER(H227)), ABS(F227-H227)/F227, """")","=AVERAGE(D227, IFERROR(F227, D227), IFERROR(H227, D227))"
BRGMATACNOR7,GRUPO MATEUS S.A.,BRL,8.275,,,,,"=IF(ISNUMBER(F228), ABS(D228-F228)/D228, """")","=IF(ISNUMBER(H228), ABS(D228-H228)/D228, """")","=IF(AND(ISNUMBER(F228), ISNUMBER(H228)), ABS(F228-H228)/F228, """")","=AVERAGE(D228, IFERROR(F228, D228), IFERROR(H228, D228))"
US40054A1088,SUPERVIELLE ADR,USD,19.245,,,,,"=IF(ISNUMBER(F229), ABS(D229-F229)/D229, """")","=IF(ISNUMBER(H229), ABS(D229-H229)/D229, """")","=IF(AND(ISNUMBER(F229), ISNUMBER(H229)), ABS(F229-H229)/F229, """")","=AVERAGE(D229, IFERROR(F229, D229), IFERROR(H229, D229))"
GB00BF4HYV08,GEORGIA CAPITAL,GBP,10.672,,,,,"=IF(ISNUMBER(F230), ABS(D230-F230)/D230, """")","=IF(ISNUMBER(H230), ABS(D230-H230)/D230, """")","=IF(AND(ISNUMBER(F230), ISNUMBER(H230)), ABS(F230-H230)/F230, """")","=AVERAGE(D230, IFERROR(F230, D230), IFERROR(H230, D230))"
US912796SR11,US TBILL 21/05/20 GS,USD,99.9225,,,,,"=IF(ISNUMBER(F231), ABS(D231-F231)/D231, """")","=IF(ISNUMBER(H231), ABS(D231-H231)/D231, """")","=IF(AND(ISNUMBER(F231), ISNUMBER(H231)), ABS(F231-H231)/F231, """")","=AVERAGE(D231, IFERROR(F231, D231), IFERROR(H231, D231))"
US4642861458,ISHRS FM GS SWAP USD,USD,26.4,,,,,"=IF(ISNUMBER(F232), ABS(D232-F232)/D232, """")","=IF(ISNUMBER(H232), ABS(D232-H232)/D232, """")","=IF(AND(ISNUMBER(F232), ISNUMBER(H232)), ABS(F232-H232)/F232, """")","=AVERAGE(D232, IFERROR(F232, D232), IFERROR(H232, D232))"
ARTRAN010011,TRANSENER SA,ARS,50.85,,,,,"=IF(ISNUMBER(F233), ABS(D233-F233)/D233, """")","=IF(ISNUMBER(H233), ABS(D233-H233)/D233, """")","=IF(AND(ISNUMBER(F233), ISNUMBER(H233)), ABS(F233-H233)/F233, """")","=AVERAGE(D233, IFERROR(F233, D233), IFERROR(H233, D233))"
KYG5074A1004,JD HEALTH INT,HKD,70.58,,,,,"=IF(ISNUMBER(F234), ABS(D234-F234)/D234, """")","=IF(ISNUMBER(H234), ABS(D234-H234)/D234, """")","=IF(AND(ISNUMBER(F234), ISNUMBER(H234)), ABS(F234-H234)/F234, """")","=AVERAGE(D234, IFERROR(F234, D234), IFERROR(H234, D234))"
LK0078N00002,HATTON NATIONAL BANK,LKR,139.25,,,,,"=IF(ISNUMBER(F235), ABS(D235-F235)/D235, """")","=IF(ISNUMBER(H235), ABS(D235-H235)/D235, """")","=IF(AND(ISNUMBER(F235), ISNUMBER(H235)), ABS(F235-H235)/F235, """")","=AVERAGE(D235, IFERROR(F235, D235), IFERROR(H235, D235))"
VN000000BID9,BID VN HSBC SWAP USD,USD,1.841974,,,,,"=IF(ISNUMBER(F236), ABS(D236-F236)/D236, """")","=IF(ISNUMBER(H236), ABS(D236-H236)/D236, """")","=IF(AND(ISNUMBER(F236), ISNUMBER(H236)), ABS(F236-H236)/F236, """")","=AVERAGE(D236, IFERROR(F236, D236), IFERROR(H236, D236))"
THA099010011,PTT OIL & RETAIL,THB,29.0,,,,,"=IF(ISNUMBER(F237), ABS(D237-F237)/D237, """")","=IF(ISNUMBER(H237), ABS(D237-H237)/D237, """")","=IF(AND(ISNUMBER(F237), ISNUMBER(H237)), ABS(F237-H237)/F237, """")","=AVERAGE(D237, IFERROR(F237, D237), IFERROR(H237, D237))"
THA078010016,KERRY EXPRESS FORIGN,THB,51.5,,,,,"=IF(ISNUMBER(F238), ABS(D238-F238)/D238, """")","=IF(ISNUMBER(H238), ABS(D238-H238)/D238, """")","=IF(AND(ISNUMBER(F238), ISNUMBER(H238)), ABS(F238-H238)/F238, """")","=AVERAGE(D238, IFERROR(F238, D238), IFERROR(H238, D238))"
ID1000128804,SARANA MENARA,IDR,962.5,,,,,"=IF(ISNUMBER(F239), ABS(D239-F239)/D239, """")","=IF(ISNUMBER(H239), ABS(D239-H239)/D239, """")","=IF(AND(ISNUMBER(F239), ISNUMBER(H239)), ABS(F239-H239)/F239, """")","=AVERAGE(D239, IFERROR(F239, D239), IFERROR(H239, D239))"
THA271010011,NGERN TID LOR PLC,THB,44.0,,,,,"=IF(ISNUMBER(F240), ABS(D240-F240)/D240, """")","=IF(ISNUMBER(H240), ABS(D240-H240)/D240, """")","=IF(AND(ISNUMBER(F240), ISNUMBER(H240)), ABS(F240-H240)/F240, """")","=AVERAGE(D240, IFERROR(F240, D240), IFERROR(H240, D240))"
KW0EQ0100028,GULF BANK (OLD),KWD,0.312,,,,,"=IF(ISNUMBER(F241), ABS(D241-F241)/D241, """")","=IF(ISNUMBER(H241), ABS(D241-H241)/D241, """")","=IF(AND(ISNUMBER(F241), ISNUMBER(H241)), ABS(F241-H241)/F241, """")","=AVERAGE(D241, IFERROR(F241, D241), IFERROR(H241, D241))"
TH0068010Z15,TMB BANK FOREIGN,THB,1.07,,,,,"=IF(ISNUMBER(F242), ABS(D242-F242)/D242, """")","=IF(ISNUMBER(H242), ABS(D242-H242)/D242, """")","=IF(AND(ISNUMBER(F242), ISNUMBER(H242)), ABS(F242-H242)/F242, """")","=AVERAGE(D242, IFERROR(F242, D242), IFERROR(H242, D242))"
EGS69101C011,EFG HERMES,EGP,15.645,,,,,"=IF(ISNUMBER(F243), ABS(D243-F243)/D243, """")","=IF(ISNUMBER(H243), ABS(D243-H243)/D243, """")","=IF(AND(ISNUMBER(F243), ISNUMBER(H243)), ABS(F243-H243)/F243, """")","=AVERAGE(D243, IFERROR(F243, D243), IFERROR(H243, D243))"
XS2332809412,VHM 2026 EB 3%,USD,105.4565,,,,,"=IF(ISNUMBER(F244), ABS(D244-F244)/D244, """")","=IF(ISNUMBER(H244), ABS(D244-H244)/D244, """")","=IF(AND(ISNUMBER(F244), ISNUMBER(H244)), ABS(F244-H244)/F244, """")","=AVERAGE(D244, IFERROR(F244, D244), IFERROR(H244, D244))"
CY0109561015,PHOENIX VEGA MEZ,EUR,0.03995,,,,,"=IF(ISNUMBER(F245), ABS(D245-F245)/D245, """")","=IF(ISNUMBER(H245), ABS(D245-H245)/D245, """")","=IF(AND(ISNUMBER(F245), ISNUMBER(H245)), ABS(F245-H245)/F245, """")","=AVERAGE(D245, IFERROR(F245, D245), IFERROR(H245, D245))"
MYQ0138OO006,MY EG SERVICES BHD,MYR,1.855,,,,,"=IF(ISNUMBER(F246), ABS(D246-F246)/D246, """")","=IF(ISNUMBER(H246), ABS(D246-H246)/D246, """")","=IF(AND(ISNUMBER(F246), ISNUMBER(H246)), ABS(F246-H246)/F246, """")","=AVERAGE(D246, IFERROR(F246, D246), IFERROR(H246, D246))"
VN000000SAB4,SAIGON BEER CORP,VND,147000.0,,,,,"=IF(ISNUMBER(F247), ABS(D247-F247)/D247, """")","=IF(ISNUMBER(H247), ABS(D247-H247)/D247, """")","=IF(AND(ISNUMBER(F247), ISNUMBER(H247)), ABS(F247-H247)/F247, """")","=AVERAGE(D247, IFERROR(F247, D247), IFERROR(H247, D247))"
GB00BN44P254,BALTIC CLASSIFIEDS,GBP,2.192,,,,,"=IF(ISNUMBER(F248), ABS(D248-F248)/D248, """")","=IF(ISNUMBER(H248), ABS(D248-H248)/D248, """")","=IF(AND(ISNUMBER(F248), ISNUMBER(H248)), ABS(F248-H248)/F248, """")","=AVERAGE(D248, IFERROR(F248, D248), IFERROR(H248, D248))"
ID1000118201,BANK RAKYAT INDONESI CFD ,USD,0.312554,,,,,"=IF(ISNUMBER(F249), ABS(D249-F249)/D249, """")","=IF(ISNUMBER(H249), ABS(D249-H249)/D249, """")","=IF(AND(ISNUMBER(F249), ISNUMBER(H249)), ABS(F249-H249)/F249, """")","=AVERAGE(D249, IFERROR(F249, D249), IFERROR(H249, D249))"
SA15C2IKKO13,BURGERIZZR,SAR,214.4,,,,,"=IF(ISNUMBER(F250), ABS(D250-F250)/D250, """")","=IF(ISNUMBER(H250), ABS(D250-H250)/D250, """")","=IF(AND(ISNUMBER(F250), ISNUMBER(H250)), ABS(F250-H250)/F250, """")","=AVERAGE(D250, IFERROR(F250, D250), IFERROR(H250, D250))"
GB00BD20C246,BACANORA LITHIUM PLC,GBP,0.663,,,,,"=IF(ISNUMBER(F251), ABS(D251-F251)/D251, """")","=IF(ISNUMBER(H251), ABS(D251-H251)/D251, """")","=IF(AND(ISNUMBER(F251), ISNUMBER(H251)), ABS(F251-H251)/F251, """")","=AVERAGE(D251, IFERROR(F251, D251), IFERROR(H251, D251))"
MA0000011801,LABEL VIE (HYPER),MAD,4709.0,,,,,"=IF(ISNUMBER(F252), ABS(D252-F252)/D252, """")","=IF(ISNUMBER(H252), ABS(D252-H252)/D252, """")","=IF(AND(ISNUMBER(F252), ISNUMBER(H252)), ABS(F252-H252)/F252, """")","=AVERAGE(D252, IFERROR(F252, D252), IFERROR(H252, D252))"
AEE001501015,EMAAR MALLS PJSC,AED,2.6112,,,,,"=IF(ISNUMBER(F253), ABS(D253-F253)/D253, """")","=IF(ISNUMBER(H253), ABS(D253-H253)/D253, """")","=IF(AND(ISNUMBER(F253), ISNUMBER(H253)), ABS(F253-H253)/F253, """")","=AVERAGE(D253, IFERROR(F253, D253), IFERROR(H253, D253))"
PLGTC0000169,GTC RIGHTS,PLN,6.785,,,WSE:GTC,"=INDEX(GOOGLEFINANCE(""WSE:GTC"", ""close"", DATE(2026,5,31)), 2, 2)","=IF(ISNUMBER(F254), ABS(D254-F254)/D254, """")","=IF(ISNUMBER(H254), ABS(D254-H254)/D254, """")","=IF(AND(ISNUMBER(F254), ISNUMBER(H254)), ABS(F254-H254)/F254, """")","=AVERAGE(D254, IFERROR(F254, D254), IFERROR(H254, D254))"
AU000000CFE0,CAPE LAMBERT RESOURC,AUD,0.1125,,,,,"=IF(ISNUMBER(F255), ABS(D255-F255)/D255, """")","=IF(ISNUMBER(H255), ABS(D255-H255)/D255, """")","=IF(AND(ISNUMBER(F255), ISNUMBER(H255)), ABS(F255-H255)/F255, """")","=AVERAGE(D255, IFERROR(F255, D255), IFERROR(H255, D255))"
RU000A0JPFP0,LSR GROUP LOCALS,USD,13.254801,,,,,"=IF(ISNUMBER(F256), ABS(D256-F256)/D256, """")","=IF(ISNUMBER(H256), ABS(D256-H256)/D256, """")","=IF(AND(ISNUMBER(F256), ISNUMBER(H256)), ABS(F256-H256)/F256, """")","=AVERAGE(D256, IFERROR(F256, D256), IFERROR(H256, D256))"
AT00BUWOG001,BUWOG AG,EUR,13.605,,,,,"=IF(ISNUMBER(F257), ABS(D257-F257)/D257, """")","=IF(ISNUMBER(H257), ABS(D257-H257)/D257, """")","=IF(AND(ISNUMBER(F257), ISNUMBER(H257)), ABS(F257-H257)/F257, """")","=AVERAGE(D257, IFERROR(F257, D257), IFERROR(H257, D257))"
TG0000000132,ECOBANK TRANSNAT,NGN,17.5,,,,,"=IF(ISNUMBER(F258), ABS(D258-F258)/D258, """")","=IF(ISNUMBER(H258), ABS(D258-H258)/D258, """")","=IF(AND(ISNUMBER(F258), ISNUMBER(H258)), ABS(F258-H258)/F258, """")","=AVERAGE(D258, IFERROR(F258, D258), IFERROR(H258, D258))"
AT0000A18WD5,BRD RO TURBO RAIF,RON,9.98,,,,,"=IF(ISNUMBER(F259), ABS(D259-F259)/D259, """")","=IF(ISNUMBER(H259), ABS(D259-H259)/D259, """")","=IF(AND(ISNUMBER(F259), ISNUMBER(H259)), ABS(F259-H259)/F259, """")","=AVERAGE(D259, IFERROR(F259, D259), IFERROR(H259, D259))"
ROTSELACNOR9,TRANSELECTRICA,RON,28.175,,,,,"=IF(ISNUMBER(F260), ABS(D260-F260)/D260, """")","=IF(ISNUMBER(H260), ABS(D260-H260)/D260, """")","=IF(AND(ISNUMBER(F260), ISNUMBER(H260)), ABS(F260-H260)/F260, """")","=AVERAGE(D260, IFERROR(F260, D260), IFERROR(H260, D260))"
US87260R2013,TMK GDR GS SWAP,USD,11.255,,,,,"=IF(ISNUMBER(F261), ABS(D261-F261)/D261, """")","=IF(ISNUMBER(H261), ABS(D261-H261)/D261, """")","=IF(AND(ISNUMBER(F261), ISNUMBER(H261)), ABS(F261-H261)/F261, """")","=AVERAGE(D261, IFERROR(F261, D261), IFERROR(H261, D261))"
RU000A0JKQU8,MAGNIT LOCAL,USD,207.114931,,,,,"=IF(ISNUMBER(F262), ABS(D262-F262)/D262, """")","=IF(ISNUMBER(H262), ABS(D262-H262)/D262, """")","=IF(AND(ISNUMBER(F262), ISNUMBER(H262)), ABS(F262-H262)/F262, """")","=AVERAGE(D262, IFERROR(F262, D262), IFERROR(H262, D262))"
VGG0697K1066,ATLAS GS USD SWAP,USD,4.555,,,,,"=IF(ISNUMBER(F263), ABS(D263-F263)/D263, """")","=IF(ISNUMBER(H263), ABS(D263-H263)/D263, """")","=IF(AND(ISNUMBER(F263), ISNUMBER(H263)), ABS(F263-H263)/F263, """")","=AVERAGE(D263, IFERROR(F263, D263), IFERROR(H263, D263))"
US23568T2015,DAMAC GDR,USD,17.4,,,,,"=IF(ISNUMBER(F264), ABS(D264-F264)/D264, """")","=IF(ISNUMBER(H264), ABS(D264-H264)/D264, """")","=IF(AND(ISNUMBER(F264), ISNUMBER(H264)), ABS(F264-H264)/F264, """")","=AVERAGE(D264, IFERROR(F264, D264), IFERROR(H264, D264))"
NGWAPCO00002,LAFARGE AFRICA,NGN,96.0,,,,,"=IF(ISNUMBER(F265), ABS(D265-F265)/D265, """")","=IF(ISNUMBER(H265), ABS(D265-H265)/D265, """")","=IF(AND(ISNUMBER(F265), ISNUMBER(H265)), ABS(F265-H265)/F265, """")","=AVERAGE(D265, IFERROR(F265, D265), IFERROR(H265, D265))"
DE000DB3N7S5,ASHOKA DB PNOTE,USD,2.483721,,,,,"=IF(ISNUMBER(F266), ABS(D266-F266)/D266, """")","=IF(ISNUMBER(H266), ABS(D266-H266)/D266, """")","=IF(AND(ISNUMBER(F266), ISNUMBER(H266)), ABS(F266-H266)/F266, """")","=AVERAGE(D266, IFERROR(F266, D266), IFERROR(H266, D266))"
EGS673Y1C015,EMAAR MISR DEV,EGP,3.75,,,,,"=IF(ISNUMBER(F267), ABS(D267-F267)/D267, """")","=IF(ISNUMBER(H267), ABS(D267-H267)/D267, """")","=IF(AND(ISNUMBER(F267), ISNUMBER(H267)), ABS(F267-H267)/F267, """")","=AVERAGE(D267, IFERROR(F267, D267), IFERROR(H267, D267))"
KYG9361F1037,VIETNAM GROWTH FUND,USD,19.25,,,,,"=IF(ISNUMBER(F268), ABS(D268-F268)/D268, """")","=IF(ISNUMBER(H268), ABS(D268-H268)/D268, """")","=IF(AND(ISNUMBER(F268), ISNUMBER(H268)), ABS(F268-H268)/F268, """")","=AVERAGE(D268, IFERROR(F268, D268), IFERROR(H268, D268))"
EGS3C181C012,SUEZ CEMENT CO,EGP,33.38,,,,,"=IF(ISNUMBER(F269), ABS(D269-F269)/D269, """")","=IF(ISNUMBER(H269), ABS(D269-H269)/D269, """")","=IF(AND(ISNUMBER(F269), ISNUMBER(H269)), ABS(F269-H269)/F269, """")","=AVERAGE(D269, IFERROR(F269, D269), IFERROR(H269, D269))"
MYA004433001,STEPPE CEMENT,GBP,0.175,,,,,"=IF(ISNUMBER(F270), ABS(D270-F270)/D270, """")","=IF(ISNUMBER(H270), ABS(D270-H270)/D270, """")","=IF(AND(ISNUMBER(F270), ISNUMBER(H270)), ABS(F270-H270)/F270, """")","=AVERAGE(D270, IFERROR(F270, D270), IFERROR(H270, D270))"
EGS3G0Z1C014,ELSEWEDY CABLES,EGP,33.05,,,,,"=IF(ISNUMBER(F271), ABS(D271-F271)/D271, """")","=IF(ISNUMBER(H271), ABS(D271-H271)/D271, """")","=IF(AND(ISNUMBER(F271), ISNUMBER(H271)), ABS(F271-H271)/F271, """")","=AVERAGE(D271, IFERROR(F271, D271), IFERROR(H271, D271))"
XS0973930448,AL KHALEEJ CS PNOTE,USD,9.310069,,,,,"=IF(ISNUMBER(F272), ABS(D272-F272)/D272, """")","=IF(ISNUMBER(H272), ABS(D272-H272)/D272, """")","=IF(AND(ISNUMBER(F272), ISNUMBER(H272)), ABS(F272-H272)/F272, """")","=AVERAGE(D272, IFERROR(F272, D272), IFERROR(H272, D272))"
XS1494008003,TELENOR EX BOND 2019,USD,106.02,,,,,"=IF(ISNUMBER(F273), ABS(D273-F273)/D273, """")","=IF(ISNUMBER(H273), ABS(D273-H273)/D273, """")","=IF(AND(ISNUMBER(F273), ISNUMBER(H273)), ABS(F273-H273)/F273, """")","=AVERAGE(D273, IFERROR(F273, D273), IFERROR(H273, D273))"
AT0000818802,DO & CO REST (EUR),EUR,57.785,,,,,"=IF(ISNUMBER(F274), ABS(D274-F274)/D274, """")","=IF(ISNUMBER(H274), ABS(D274-H274)/D274, """")","=IF(AND(ISNUMBER(F274), ISNUMBER(H274)), ABS(F274-H274)/F274, """")","=AVERAGE(D274, IFERROR(F274, D274), IFERROR(H274, D274))"
XS0783935561,BK GEORGIA 7.75 2017,USD,102.75,,,,,"=IF(ISNUMBER(F275), ABS(D275-F275)/D275, """")","=IF(ISNUMBER(H275), ABS(D275-H275)/D275, """")","=IF(AND(ISNUMBER(F275), ISNUMBER(H275)), ABS(F275-H275)/F275, """")","=AVERAGE(D275, IFERROR(F275, D275), IFERROR(H275, D275))"
VGG572791041,LUXOFT HOLDING INC,USD,51.245,,,,,"=IF(ISNUMBER(F276), ABS(D276-F276)/D276, """")","=IF(ISNUMBER(H276), ABS(D276-H276)/D276, """")","=IF(AND(ISNUMBER(F276), ISNUMBER(H276)), ABS(F276-H276)/F276, """")","=AVERAGE(D276, IFERROR(F276, D276), IFERROR(H276, D276))"
ZAE000015889,NASPERS N,ZAR,2171.905,,,,,"=IF(ISNUMBER(F277), ABS(D277-F277)/D277, """")","=IF(ISNUMBER(H277), ABS(D277-H277)/D277, """")","=IF(AND(ISNUMBER(F277), ISNUMBER(H277)), ABS(F277-H277)/F277, """")","=AVERAGE(D277, IFERROR(F277, D277), IFERROR(H277, D277))"
XS1891203462,BUPA ARAB HSBC PNOTE,USD,33.678653,,,,,"=IF(ISNUMBER(F278), ABS(D278-F278)/D278, """")","=IF(ISNUMBER(H278), ABS(D278-H278)/D278, """")","=IF(AND(ISNUMBER(F278), ISNUMBER(H278)), ABS(F278-H278)/F278, """")","=AVERAGE(D278, IFERROR(F278, D278), IFERROR(H278, D278))"
LU0584671464,ADECOAGRO SA,USD,9.985,,,,,"=IF(ISNUMBER(F279), ABS(D279-F279)/D279, """")","=IF(ISNUMBER(H279), ABS(D279-H279)/D279, """")","=IF(AND(ISNUMBER(F279), ISNUMBER(H279)), ABS(F279-H279)/F279, """")","=AVERAGE(D279, IFERROR(F279, D279), IFERROR(H279, D279))"
TRATCELL91M1,TURKCELL,TRY,12.065,,,,,"=IF(ISNUMBER(F280), ABS(D280-F280)/D280, """")","=IF(ISNUMBER(H280), ABS(D280-H280)/D280, """")","=IF(AND(ISNUMBER(F280), ISNUMBER(H280)), ABS(F280-H280)/F280, """")","=AVERAGE(D280, IFERROR(F280, D280), IFERROR(H280, D280))"
PK0081901016,UNITED BANK LTD,PKR,191.0,,,,,"=IF(ISNUMBER(F281), ABS(D281-F281)/D281, """")","=IF(ISNUMBER(H281), ABS(D281-H281)/D281, """")","=IF(AND(ISNUMBER(F281), ISNUMBER(H281)), ABS(F281-H281)/F281, """")","=AVERAGE(D281, IFERROR(F281, D281), IFERROR(H281, D281))"
LU0328476410,DBX FRONTIER ML SWAP,USD,14.925,,,,,"=IF(ISNUMBER(F282), ABS(D282-F282)/D282, """")","=IF(ISNUMBER(H282), ABS(D282-H282)/D282, """")","=IF(AND(ISNUMBER(F282), ISNUMBER(H282)), ABS(F282-H282)/F282, """")","=AVERAGE(D282, IFERROR(F282, D282), IFERROR(H282, D282))"
US6565674016,NORTEL INVERSORA ADR,USD,50.99,,,,,"=IF(ISNUMBER(F283), ABS(D283-F283)/D283, """")","=IF(ISNUMBER(H283), ABS(D283-H283)/D283, """")","=IF(AND(ISNUMBER(F283), ISNUMBER(H283)), ABS(F283-H283)/F283, """")","=AVERAGE(D283, IFERROR(F283, D283), IFERROR(H283, D283))"
PK0074501013,FAUJI CEMENT,PKR,26.86,,,,,"=IF(ISNUMBER(F284), ABS(D284-F284)/D284, """")","=IF(ISNUMBER(H284), ABS(D284-H284)/D284, """")","=IF(AND(ISNUMBER(F284), ISNUMBER(H284)), ABS(F284-H284)/F284, """")","=AVERAGE(D284, IFERROR(F284, D284), IFERROR(H284, D284))"
XS0997708051,KAZ ENG 4.55% 12/16,USD,99.779,,,,,"=IF(ISNUMBER(F285), ABS(D285-F285)/D285, """")","=IF(ISNUMBER(H285), ABS(D285-H285)/D285, """")","=IF(AND(ISNUMBER(F285), ISNUMBER(H285)), ABS(F285-H285)/F285, """")","=AVERAGE(D285, IFERROR(F285, D285), IFERROR(H285, D285))"
NGNB00000005,NIGERIA BREW GS SWAP,USD,0.35521,,,,,"=IF(ISNUMBER(F286), ABS(D286-F286)/D286, """")","=IF(ISNUMBER(H286), ABS(D286-H286)/D286, """")","=IF(AND(ISNUMBER(F286), ISNUMBER(H286)), ABS(F286-H286)/F286, """")","=AVERAGE(D286, IFERROR(F286, D286), IFERROR(H286, D286))"
PHY1244L1009,CEMEX PHILIPPINES,PHP,11.5,,,PSE:CEMEX,"=INDEX(GOOGLEFINANCE(""PSE:CEMEX"", ""close"", DATE(2026,5,31)), 2, 2)","=IF(ISNUMBER(F287), ABS(D287-F287)/D287, """")","=IF(ISNUMBER(H287), ABS(D287-H287)/D287, """")","=IF(AND(ISNUMBER(F287), ISNUMBER(H287)), ABS(F287-H287)/F287, """")","=AVERAGE(D287, IFERROR(F287, D287), IFERROR(H287, D287))"
TREMLPC00021,MEDICAL PARK TURKEY,TRY,8.685,,,,,"=IF(ISNUMBER(F288), ABS(D288-F288)/D288, """")","=IF(ISNUMBER(H288), ABS(D288-H288)/D288, """")","=IF(AND(ISNUMBER(F288), ISNUMBER(H288)), ABS(F288-H288)/F288, """")","=AVERAGE(D288, IFERROR(F288, D288), IFERROR(H288, D288))"
KE0000000216,EAST AFRICAN BREW,KES,229.5,,,,,"=IF(ISNUMBER(F289), ABS(D289-F289)/D289, """")","=IF(ISNUMBER(H289), ABS(D289-H289)/D289, """")","=IF(AND(ISNUMBER(F289), ISNUMBER(H289)), ABS(F289-H289)/F289, """")","=AVERAGE(D289, IFERROR(F289, D289), IFERROR(H289, D289))"
PK0008901016,SUI NORTHERN GAS,PKR,97.99,,,,,"=IF(ISNUMBER(F290), ABS(D290-F290)/D290, """")","=IF(ISNUMBER(H290), ABS(D290-H290)/D290, """")","=IF(AND(ISNUMBER(F290), ISNUMBER(H290)), ABS(F290-H290)/F290, """")","=AVERAGE(D290, IFERROR(F290, D290), IFERROR(H290, D290))"
ROTGNTACNOR8,TRANSGAZ SA,RON,388.5,,,,,"=IF(ISNUMBER(F291), ABS(D291-F291)/D291, """")","=IF(ISNUMBER(H291), ABS(D291-H291)/D291, """")","=IF(AND(ISNUMBER(F291), ISNUMBER(H291)), ABS(F291-H291)/F291, """")","=AVERAGE(D291, IFERROR(F291, D291), IFERROR(H291, D291))"
NL0012235980,GRIFFIN PREMIUM,PLN,4.95,,,,,"=IF(ISNUMBER(F292), ABS(D292-F292)/D292, """")","=IF(ISNUMBER(H292), ABS(D292-H292)/D292, """")","=IF(AND(ISNUMBER(F292), ISNUMBER(H292)), ABS(F292-H292)/F292, """")","=AVERAGE(D292, IFERROR(F292, D292), IFERROR(H292, D292))"
XS1587902385,SAUDI BRT HSBC PNOTE,USD,8.775671,,,,,"=IF(ISNUMBER(F293), ABS(D293-F293)/D293, """")","=IF(ISNUMBER(H293), ABS(D293-H293)/D293, """")","=IF(AND(ISNUMBER(F293), ISNUMBER(H293)), ABS(F293-H293)/F293, """")","=AVERAGE(D293, IFERROR(F293, D293), IFERROR(H293, D293))"
XS1977075859,SB ZIM CLN 0% 2019,USD,83.56,,,,,"=IF(ISNUMBER(F294), ABS(D294-F294)/D294, """")","=IF(ISNUMBER(H294), ABS(D294-H294)/D294, """")","=IF(AND(ISNUMBER(F294), ISNUMBER(H294)), ABS(F294-H294)/F294, """")","=AVERAGE(D294, IFERROR(F294, D294), IFERROR(H294, D294))"
AEU000401015,UNION NATIONAL BANK,AED,5.845,,,,,"=IF(ISNUMBER(F295), ABS(D295-F295)/D295, """")","=IF(ISNUMBER(H295), ABS(D295-H295)/D295, """")","=IF(AND(ISNUMBER(F295), ISNUMBER(H295)), ABS(F295-H295)/F295, """")","=AVERAGE(D295, IFERROR(F295, D295), IFERROR(H295, D295))"
SA0007879071,ALAWWAL BANK,SAR,19.41,,,,,"=IF(ISNUMBER(F296), ABS(D296-F296)/D296, """")","=IF(ISNUMBER(H296), ABS(D296-H296)/D296, """")","=IF(AND(ISNUMBER(F296), ISNUMBER(H296)), ABS(F296-H296)/F296, """")","=AVERAGE(D296, IFERROR(F296, D296), IFERROR(H296, D296))"
US12687E1047,CABLEVISION ADR,USD,25.626877,,,,,"=IF(ISNUMBER(F297), ABS(D297-F297)/D297, """")","=IF(ISNUMBER(H297), ABS(D297-H297)/D297, """")","=IF(AND(ISNUMBER(F297), ISNUMBER(H297)), ABS(F297-H297)/F297, """")","=AVERAGE(D297, IFERROR(F297, D297), IFERROR(H297, D297))"
DE000DL54UY1,ALTAYYAR DB PNOTE,USD,6.199587,,,,,"=IF(ISNUMBER(F298), ABS(D298-F298)/D298, """")","=IF(ISNUMBER(H298), ABS(D298-H298)/D298, """")","=IF(AND(ISNUMBER(F298), ISNUMBER(H298)), ABS(F298-H298)/F298, """")","=AVERAGE(D298, IFERROR(F298, D298), IFERROR(H298, D298))"
MA0000011488,MAROC TELECOM,MAD,140.6,,,,,"=IF(ISNUMBER(F299), ABS(D299-F299)/D299, """")","=IF(ISNUMBER(H299), ABS(D299-H299)/D299, """")","=IF(AND(ISNUMBER(F299), ISNUMBER(H299)), ABS(F299-H299)/F299, """")","=AVERAGE(D299, IFERROR(F299, D299), IFERROR(H299, D299))"
IM00B3SXFX94,ORIGO PART CONV PRF,USD,0.285,,,,,"=IF(ISNUMBER(F300), ABS(D300-F300)/D300, """")","=IF(ISNUMBER(H300), ABS(D300-H300)/D300, """")","=IF(AND(ISNUMBER(F300), ISNUMBER(H300)), ABS(F300-H300)/F300, """")","=AVERAGE(D300, IFERROR(F300, D300), IFERROR(H300, D300))"
QA0006929770,DOHA BANK GS SWAP,USD,0.690785,,,,,"=IF(ISNUMBER(F301), ABS(D301-F301)/D301, """")","=IF(ISNUMBER(H301), ABS(D301-H301)/D301, """")","=IF(AND(ISNUMBER(F301), ISNUMBER(H301)), ABS(F301-H301)/F301, """")","=AVERAGE(D301, IFERROR(F301, D301), IFERROR(H301, D301))"
US8938702045,TGS TRANSPORTADOR,USD,16.705,,,,,"=IF(ISNUMBER(F302), ABS(D302-F302)/D302, """")","=IF(ISNUMBER(H302), ABS(D302-H302)/D302, """")","=IF(AND(ISNUMBER(F302), ISNUMBER(H302)), ABS(F302-H302)/F302, """")","=AVERAGE(D302, IFERROR(F302, D302), IFERROR(H302, D302))"
ARBYMA300018,BOLSAS Y MERCADOS,ARS,344.0,,,,,"=IF(ISNUMBER(F303), ABS(D303-F303)/D303, """")","=IF(ISNUMBER(H303), ABS(D303-H303)/D303, """")","=IF(AND(ISNUMBER(F303), ISNUMBER(H303)), ABS(F303-H303)/F303, """")","=AVERAGE(D303, IFERROR(F303, D303), IFERROR(H303, D303))"
AEE000801028,EMIRA GS SWAP RIGHTS,USD,0.781399,,,,,"=IF(ISNUMBER(F304), ABS(D304-F304)/D304, """")","=IF(ISNUMBER(H304), ABS(D304-H304)/D304, """")","=IF(AND(ISNUMBER(F304), ISNUMBER(H304)), ABS(F304-H304)/F304, """")","=AVERAGE(D304, IFERROR(F304, D304), IFERROR(H304, D304))"
VN000000VCI9,VIET CAPITAL SEC,VND,41300.0,,,,,"=IF(ISNUMBER(F305), ABS(D305-F305)/D305, """")","=IF(ISNUMBER(H305), ABS(D305-H305)/D305, """")","=IF(AND(ISNUMBER(F305), ISNUMBER(H305)), ABS(F305-H305)/F305, """")","=AVERAGE(D305, IFERROR(F305, D305), IFERROR(H305, D305))"
RU000A0JSQ90,DETSKY GS SWAP USD,USD,1.584819,,,,,"=IF(ISNUMBER(F306), ABS(D306-F306)/D306, """")","=IF(ISNUMBER(H306), ABS(D306-H306)/D306, """")","=IF(AND(ISNUMBER(F306), ISNUMBER(H306)), ABS(F306-H306)/F306, """")","=AVERAGE(D306, IFERROR(F306, D306), IFERROR(H306, D306))"
PLTLKPL00017,ORAN POL GS SWAP EUR,EUR,1.43065,,,WSE:ORAN,"=INDEX(GOOGLEFINANCE(""WSE:ORAN"", ""close"", DATE(2026,5,31)), 2, 2)","=IF(ISNUMBER(F307), ABS(D307-F307)/D307, """")","=IF(ISNUMBER(H307), ABS(D307-H307)/D307, """")","=IF(AND(ISNUMBER(F307), ISNUMBER(H307)), ABS(F307-H307)/F307, """")","=AVERAGE(D307, IFERROR(F307, D307), IFERROR(H307, D307))"
AEDFXA0M6V00,DP WLD HSBC SWAP USD,USD,15.6,,,,,"=IF(ISNUMBER(F308), ABS(D308-F308)/D308, """")","=IF(ISNUMBER(H308), ABS(D308-H308)/D308, """")","=IF(AND(ISNUMBER(F308), ISNUMBER(H308)), ABS(F308-H308)/F308, """")","=AVERAGE(D308, IFERROR(F308, D308), IFERROR(H308, D308))"
TH3740010Y17,VGI PUBLIC FOREIGN,THB,6.75,,,,,"=IF(ISNUMBER(F309), ABS(D309-F309)/D309, """")","=IF(ISNUMBER(H309), ABS(D309-H309)/D309, """")","=IF(AND(ISNUMBER(F309), ISNUMBER(H309)), ABS(F309-H309)/F309, """")","=AVERAGE(D309, IFERROR(F309, D309), IFERROR(H309, D309))"
SA0007879121,SABIC HSBC SWAP USD,USD,27.098682,,,,,"=IF(ISNUMBER(F310), ABS(D310-F310)/D310, """")","=IF(ISNUMBER(H310), ABS(D310-H310)/D310, """")","=IF(AND(ISNUMBER(F310), ISNUMBER(H310)), ABS(F310-H310)/F310, """")","=AVERAGE(D310, IFERROR(F310, D310), IFERROR(H310, D310))"
RU000A0JPGA0,M VIDEO,USD,8.501229,,,,,"=IF(ISNUMBER(F311), ABS(D311-F311)/D311, """")","=IF(ISNUMBER(H311), ABS(D311-H311)/D311, """")","=IF(AND(ISNUMBER(F311), ISNUMBER(H311)), ABS(F311-H311)/F311, """")","=AVERAGE(D311, IFERROR(F311, D311), IFERROR(H311, D311))"
KYG532631028,KUAISHOU TECH B,HKD,265.0,,,,,"=IF(ISNUMBER(F312), ABS(D312-F312)/D312, """")","=IF(ISNUMBER(H312), ABS(D312-H312)/D312, """")","=IF(AND(ISNUMBER(F312), ISNUMBER(H312)), ABS(F312-H312)/F312, """")","=AVERAGE(D312, IFERROR(F312, D312), IFERROR(H312, D312))"
AED001301012,DAMAC LOCAL GS SWAP,USD,0.266002,,,,,"=IF(ISNUMBER(F313), ABS(D313-F313)/D313, """")","=IF(ISNUMBER(H313), ABS(D313-H313)/D313, """")","=IF(AND(ISNUMBER(F313), ISNUMBER(H313)), ABS(F313-H313)/F313, """")","=AVERAGE(D313, IFERROR(F313, D313), IFERROR(H313, D313))"
EGS74191C015,RAYA CONTACT,EGP,4.765,,,,,"=IF(ISNUMBER(F314), ABS(D314-F314)/D314, """")","=IF(ISNUMBER(H314), ABS(D314-H314)/D314, """")","=IF(AND(ISNUMBER(F314), ISNUMBER(H314)), ABS(F314-H314)/F314, """")","=AVERAGE(D314, IFERROR(F314, D314), IFERROR(H314, D314))"
KYG0705A1085,BAIRONG INC CFD HSBC,HKD,13.26,,,,,"=IF(ISNUMBER(F315), ABS(D315-F315)/D315, """")","=IF(ISNUMBER(H315), ABS(D315-H315)/D315, """")","=IF(AND(ISNUMBER(F315), ISNUMBER(H315)), ABS(F315-H315)/F315, """")","=AVERAGE(D315, IFERROR(F315, D315), IFERROR(H315, D315))"
EGS381B1C015,TENTH OF RAMADAN,EGP,2.094,,,,,"=IF(ISNUMBER(F316), ABS(D316-F316)/D316, """")","=IF(ISNUMBER(H316), ABS(D316-H316)/D316, """")","=IF(AND(ISNUMBER(F316), ISNUMBER(H316)), ABS(F316-H316)/F316, """")","=AVERAGE(D316, IFERROR(F316, D316), IFERROR(H316, D316))"
TRATHYAO91M5,TURK AIR GS USD SWAP,USD,1.499039,,,,,"=IF(ISNUMBER(F317), ABS(D317-F317)/D317, """")","=IF(ISNUMBER(H317), ABS(D317-H317)/D317, """")","=IF(AND(ISNUMBER(F317), ISNUMBER(H317)), ABS(F317-H317)/F317, """")","=AVERAGE(D317, IFERROR(F317, D317), IFERROR(H317, D317))"
AEE01134E227,EMIRATES CENTRAL C,AED,1.36,,,DFM:EMPOWER,"=INDEX(GOOGLEFINANCE(""DFM:EMPOWER"", ""close"", DATE(2026,5,31)), 2, 2)","=IF(ISNUMBER(F318), ABS(D318-F318)/D318, """")","=IF(ISNUMBER(H318), ABS(D318-H318)/D318, """")","=IF(AND(ISNUMBER(F318), ISNUMBER(H318)), ABS(F318-H318)/F318, """")","=AVERAGE(D318, IFERROR(F318, D318), IFERROR(H318, D318))"
CNE1000044N1,ANT GROUP LTD,HKD,80.0,,,,,"=IF(ISNUMBER(F319), ABS(D319-F319)/D319, """")","=IF(ISNUMBER(H319), ABS(D319-H319)/D319, """")","=IF(AND(ISNUMBER(F319), ISNUMBER(H319)), ABS(F319-H319)/F319, """")","=AVERAGE(D319, IFERROR(F319, D319), IFERROR(H319, D319))"
SA000A0DPSH3,CO FOR COOPERATIVE CFD GO,USD,20.870539,,,,,"=IF(ISNUMBER(F320), ABS(D320-F320)/D320, """")","=IF(ISNUMBER(H320), ABS(D320-H320)/D320, """")","=IF(AND(ISNUMBER(F320), ISNUMBER(H320)), ABS(F320-H320)/F320, """")","=AVERAGE(D320, IFERROR(F320, D320), IFERROR(H320, D320))"
JE00BN574F90,WIZZ AIR GS SWAP GBP,GBP,42.79,,,,,"=IF(ISNUMBER(F321), ABS(D321-F321)/D321, """")","=IF(ISNUMBER(H321), ABS(D321-H321)/D321, """")","=IF(AND(ISNUMBER(F321), ISNUMBER(H321)), ABS(F321-H321)/F321, """")","=AVERAGE(D321, IFERROR(F321, D321), IFERROR(H321, D321))"
QA000VSUG130,MESAIEED GS SWAP,USD,0.534816,,,,,"=IF(ISNUMBER(F322), ABS(D322-F322)/D322, """")","=IF(ISNUMBER(H322), ABS(D322-H322)/D322, """")","=IF(AND(ISNUMBER(F322), ISNUMBER(H322)), ABS(F322-H322)/F322, """")","=AVERAGE(D322, IFERROR(F322, D322), IFERROR(H322, D322))"
MYL5306OO005,FARM FRESH BHD,MYR,1.68,,,,,"=IF(ISNUMBER(F323), ABS(D323-F323)/D323, """")","=IF(ISNUMBER(H323), ABS(D323-H323)/D323, """")","=IF(AND(ISNUMBER(F323), ISNUMBER(H323)), ABS(F323-H323)/F323, """")","=AVERAGE(D323, IFERROR(F323, D323), IFERROR(H323, D323))"
CA1348082035,CANACOL ENERGY LTD,COP,9360.0,,,,,"=IF(ISNUMBER(F324), ABS(D324-F324)/D324, """")","=IF(ISNUMBER(H324), ABS(D324-H324)/D324, """")","=IF(AND(ISNUMBER(F324), ISNUMBER(H324)), ABS(F324-H324)/F324, """")","=AVERAGE(D324, IFERROR(F324, D324), IFERROR(H324, D324))"
ID1000106206,MEDIA NUSANTARA,IDR,605.0,,,,,"=IF(ISNUMBER(F325), ABS(D325-F325)/D325, """")","=IF(ISNUMBER(H325), ABS(D325-H325)/D325, """")","=IF(AND(ISNUMBER(F325), ISNUMBER(H325)), ABS(F325-H325)/F325, """")","=AVERAGE(D325, IFERROR(F325, D325), IFERROR(H325, D325))"
AEA006101017,ABU DHABI NATIONAL O CFD ,USD,1.118961,,,ADX:ADNOCDRILL,"=INDEX(GOOGLEFINANCE(""ADX:ADNOCDRILL"", ""close"", DATE(2026,5,31)), 2, 2)","=IF(ISNUMBER(F326), ABS(D326-F326)/D326, """")","=IF(ISNUMBER(H326), ABS(D326-H326)/D326, """")","=IF(AND(ISNUMBER(F326), ISNUMBER(H326)), ABS(F326-H326)/F326, """")","=AVERAGE(D326, IFERROR(F326, D326), IFERROR(H326, D326))"
PLGRPRC00015,GRUPA PRACUJ SA,PLN,44.05,,,WSE:GRUPA,"=INDEX(GOOGLEFINANCE(""WSE:GRUPA"", ""close"", DATE(2026,5,31)), 2, 2)","=IF(ISNUMBER(F327), ABS(D327-F327)/D327, """")","=IF(ISNUMBER(H327), ABS(D327-H327)/D327, """")","=IF(AND(ISNUMBER(F327), ISNUMBER(H327)), ABS(F327-H327)/F327, """")","=AVERAGE(D327, IFERROR(F327, D327), IFERROR(H327, D327))"
SA15LGLI0N19,RIYADH CABLES GROU,SAR,54.0,,,TADAWUL:4110,"=INDEX(GOOGLEFINANCE(""TADAWUL:4110"", ""close"", DATE(2026,5,31)), 2, 2)","=IF(ISNUMBER(F328), ABS(D328-F328)/D328, """")","=IF(ISNUMBER(H328), ABS(D328-H328)/D328, """")","=IF(AND(ISNUMBER(F328), ISNUMBER(H328)), ABS(F328-H328)/F328, """")","=AVERAGE(D328, IFERROR(F328, D328), IFERROR(H328, D328))"
CLP3064M1019,SUDAMERICANA VAPOR,CLP,57.18,,,,,"=IF(ISNUMBER(F329), ABS(D329-F329)/D329, """")","=IF(ISNUMBER(H329), ABS(D329-H329)/D329, """")","=IF(AND(ISNUMBER(F329), ISNUMBER(H329)), ABS(F329-H329)/F329, """")","=AVERAGE(D329, IFERROR(F329, D329), IFERROR(H329, D329))"
EGS729J1C018,CLEOPATRA HOSPITAL,EGP,4.9,,,,,"=IF(ISNUMBER(F330), ABS(D330-F330)/D330, """")","=IF(ISNUMBER(H330), ABS(D330-H330)/D330, """")","=IF(AND(ISNUMBER(F330), ISNUMBER(H330)), ABS(F330-H330)/F330, """")","=AVERAGE(D330, IFERROR(F330, D330), IFERROR(H330, D330))"
GB00BMXLQJ47,HORIZONTE MINERALS,GBP,0.1675,,,,,"=IF(ISNUMBER(F331), ABS(D331-F331)/D331, """")","=IF(ISNUMBER(H331), ABS(D331-H331)/D331, """")","=IF(AND(ISNUMBER(F331), ISNUMBER(H331)), ABS(F331-H331)/F331, """")","=AVERAGE(D331, IFERROR(F331, D331), IFERROR(H331, D331))"
SA154HG210H6,BINDAWOOD HLDG,SAR,6.69,,,TADAWUL:4161,"=INDEX(GOOGLEFINANCE(""TADAWUL:4161"", ""close"", DATE(2026,5,31)), 2, 2)","=IF(ISNUMBER(F332), ABS(D332-F332)/D332, """")","=IF(ISNUMBER(H332), ABS(D332-H332)/D332, """")","=IF(AND(ISNUMBER(F332), ISNUMBER(H332)), ABS(F332-H332)/F332, """")","=AVERAGE(D332, IFERROR(F332, D332), IFERROR(H332, D332))"
SA160G52C1H3,ETIHAD ATHEEB TELE,SAR,91.8,,,,,"=IF(ISNUMBER(F333), ABS(D333-F333)/D333, """")","=IF(ISNUMBER(H333), ABS(D333-H333)/D333, """")","=IF(AND(ISNUMBER(F333), ISNUMBER(H333)), ABS(F333-H333)/F333, """")","=AVERAGE(D333, IFERROR(F333, D333), IFERROR(H333, D333))"
VNMIRGMD2410,GEMADEPT CORP,VND,11666.666667,,,,,"=IF(ISNUMBER(F334), ABS(D334-F334)/D334, """")","=IF(ISNUMBER(H334), ABS(D334-H334)/D334, """")","=IF(AND(ISNUMBER(F334), ISNUMBER(H334)), ABS(F334-H334)/F334, """")","=AVERAGE(D334, IFERROR(F334, D334), IFERROR(H334, D334))"
US23292B1044,D MARKET ELECTRONIC ADS,USD,2.34,,,,,"=IF(ISNUMBER(F335), ABS(D335-F335)/D335, """")","=IF(ISNUMBER(H335), ABS(D335-H335)/D335, """")","=IF(AND(ISNUMBER(F335), ISNUMBER(H335)), ABS(F335-H335)/F335, """")","=AVERAGE(D335, IFERROR(F335, D335), IFERROR(H335, D335))"
ID1000125107,KALBE FARMA,IDR,1640.0,,,,,"=IF(ISNUMBER(F336), ABS(D336-F336)/D336, """")","=IF(ISNUMBER(H336), ABS(D336-H336)/D336, """")","=IF(AND(ISNUMBER(F336), ISNUMBER(H336)), ABS(F336-H336)/F336, """")","=AVERAGE(D336, IFERROR(F336, D336), IFERROR(H336, D336))"
US62919Q1022,NMC HEALTH ADR,USD,1e-06,,,,,"=IF(ISNUMBER(F337), ABS(D337-F337)/D337, """")","=IF(ISNUMBER(H337), ABS(D337-H337)/D337, """")","=IF(AND(ISNUMBER(F337), ISNUMBER(H337)), ABS(F337-H337)/F337, """")","=AVERAGE(D337, IFERROR(F337, D337), IFERROR(H337, D337))"
AEE01081T004,TECOM GROUP PJSC,AED,2.67,,,,,"=IF(ISNUMBER(F338), ABS(D338-F338)/D338, """")","=IF(ISNUMBER(H338), ABS(D338-H338)/D338, """")","=IF(AND(ISNUMBER(F338), ISNUMBER(H338)), ABS(F338-H338)/F338, """")","=AVERAGE(D338, IFERROR(F338, D338), IFERROR(H338, D338))"
NL00150006R6,CTP N.V,EUR,10.5,,,,,"=IF(ISNUMBER(F339), ABS(D339-F339)/D339, """")","=IF(ISNUMBER(H339), ABS(D339-H339)/D339, """")","=IF(AND(ISNUMBER(F339), ISNUMBER(H339)), ABS(F339-H339)/F339, """")","=AVERAGE(D339, IFERROR(F339, D339), IFERROR(H339, D339))"
DE000DL549N2,MOBILE WORL DB PNOTE,USD,4.098707,,,,,"=IF(ISNUMBER(F340), ABS(D340-F340)/D340, """")","=IF(ISNUMBER(H340), ABS(D340-H340)/D340, """")","=IF(AND(ISNUMBER(F340), ISNUMBER(H340)), ABS(F340-H340)/F340, """")","=AVERAGE(D340, IFERROR(F340, D340), IFERROR(H340, D340))"
CY0200252118,GALAXY COSMOS MEZZ,EUR,0.29,,,,,"=IF(ISNUMBER(F341), ABS(D341-F341)/D341, """")","=IF(ISNUMBER(H341), ABS(D341-H341)/D341, """")","=IF(AND(ISNUMBER(F341), ISNUMBER(H341)), ABS(F341-H341)/F341, """")","=AVERAGE(D341, IFERROR(F341, D341), IFERROR(H341, D341))"
VN000000VCB4,BANK FOR FOREIGN TRA CFD ,USD,3.720705,,,,,"=IF(ISNUMBER(F342), ABS(D342-F342)/D342, """")","=IF(ISNUMBER(H342), ABS(D342-H342)/D342, """")","=IF(AND(ISNUMBER(F342), ISNUMBER(H342)), ABS(F342-H342)/F342, """")","=AVERAGE(D342, IFERROR(F342, D342), IFERROR(H342, D342))"
PLCCC0000016,CCC SA,PLN,48.45,,,WSE:CCC,"=INDEX(GOOGLEFINANCE(""WSE:CCC"", ""close"", DATE(2026,5,31)), 2, 2)","=IF(ISNUMBER(F343), ABS(D343-F343)/D343, """")","=IF(ISNUMBER(H343), ABS(D343-H343)/D343, """")","=IF(AND(ISNUMBER(F343), ISNUMBER(H343)), ABS(F343-H343)/F343, """")","=AVERAGE(D343, IFERROR(F343, D343), IFERROR(H343, D343))"
TRAGARAN91N1,TURK GAR GS SWAP TRY,TRY,8.855,,,,,"=IF(ISNUMBER(F344), ABS(D344-F344)/D344, """")","=IF(ISNUMBER(H344), ABS(D344-H344)/D344, """")","=IF(AND(ISNUMBER(F344), ISNUMBER(H344)), ABS(F344-H344)/F344, """")","=AVERAGE(D344, IFERROR(F344, D344), IFERROR(H344, D344))"
EGS48031C016,TELECOM EGYPT,EGP,13.29,,,,,"=IF(ISNUMBER(F345), ABS(D345-F345)/D345, """")","=IF(ISNUMBER(H345), ABS(D345-H345)/D345, """")","=IF(AND(ISNUMBER(F345), ISNUMBER(H345)), ABS(F345-H345)/F345, """")","=AVERAGE(D345, IFERROR(F345, D345), IFERROR(H345, D345))"
GRV000008NW2,PIRAE GSFTSWAP 06/21,EUR,1.39,,,,,"=IF(ISNUMBER(F346), ABS(D346-F346)/D346, """")","=IF(ISNUMBER(H346), ABS(D346-H346)/D346, """")","=IF(AND(ISNUMBER(F346), ISNUMBER(H346)), ABS(F346-H346)/F346, """")","=AVERAGE(D346, IFERROR(F346, D346), IFERROR(H346, D346))"
TRVXIST02A76,ISE30 JUN21 GSFTSWAP,TRY,1524.875,,,,,"=IF(ISNUMBER(F347), ABS(D347-F347)/D347, """")","=IF(ISNUMBER(H347), ABS(D347-H347)/D347, """")","=IF(AND(ISNUMBER(F347), ISNUMBER(H347)), ABS(F347-H347)/F347, """")","=AVERAGE(D347, IFERROR(F347, D347), IFERROR(H347, D347))"
ID1000188006,TRIMEGAH BANGUN,IDR,925.0,,,,,"=IF(ISNUMBER(F348), ABS(D348-F348)/D348, """")","=IF(ISNUMBER(H348), ABS(D348-H348)/D348, """")","=IF(AND(ISNUMBER(F348), ISNUMBER(H348)), ABS(F348-H348)/F348, """")","=AVERAGE(D348, IFERROR(F348, D348), IFERROR(H348, D348))"
TH0168A10Z19,BUMRUNGRAD HOPTL,THB,194.5,,,,,"=IF(ISNUMBER(F349), ABS(D349-F349)/D349, """")","=IF(ISNUMBER(H349), ABS(D349-H349)/D349, """")","=IF(AND(ISNUMBER(F349), ISNUMBER(H349)), ABS(F349-H349)/F349, """")","=AVERAGE(D349, IFERROR(F349, D349), IFERROR(H349, D349))"
SA15CIBJGH12,ARABIAN INTERNET CFD HSBC,USD,54.542546,,,,,"=IF(ISNUMBER(F350), ABS(D350-F350)/D350, """")","=IF(ISNUMBER(H350), ABS(D350-H350)/D350, """")","=IF(AND(ISNUMBER(F350), ISNUMBER(H350)), ABS(F350-H350)/F350, """")","=AVERAGE(D350, IFERROR(F350, D350), IFERROR(H350, D350))"
US3563901046,FREEDOM HOLDING CORP CFD ,USD,97.75,,,,,"=IF(ISNUMBER(F351), ABS(D351-F351)/D351, """")","=IF(ISNUMBER(H351), ABS(D351-H351)/D351, """")","=IF(AND(ISNUMBER(F351), ISNUMBER(H351)), ABS(F351-H351)/F351, """")","=AVERAGE(D351, IFERROR(F351, D351), IFERROR(H351, D351))"
SA15DHKGHBH4,SAUDI TADAWUL GROUP CFD H,USD,47.068209,,,,,"=IF(ISNUMBER(F352), ABS(D352-F352)/D352, """")","=IF(ISNUMBER(H352), ABS(D352-H352)/D352, """")","=IF(AND(ISNUMBER(F352), ISNUMBER(H352)), ABS(F352-H352)/F352, """")","=AVERAGE(D352, IFERROR(F352, D352), IFERROR(H352, D352))"
SA000A0HNGZ6,ALDREES PETROLEUM,SAR,118.4,,,,,"=IF(ISNUMBER(F353), ABS(D353-F353)/D353, """")","=IF(ISNUMBER(H353), ABS(D353-H353)/D353, """")","=IF(AND(ISNUMBER(F353), ISNUMBER(H353)), ABS(F353-H353)/F353, """")","=AVERAGE(D353, IFERROR(F353, D353), IFERROR(H353, D353))"
ZAE000255915,ABSA GROUP LTD,ZAR,180.43,,,,,"=IF(ISNUMBER(F354), ABS(D354-F354)/D354, """")","=IF(ISNUMBER(H354), ABS(D354-H354)/D354, """")","=IF(AND(ISNUMBER(F354), ISNUMBER(H354)), ABS(F354-H354)/F354, """")","=AVERAGE(D354, IFERROR(F354, D354), IFERROR(H354, D354))"
GRS003003035,NATL BK OF GREECE,EUR,6.45,,,,,"=IF(ISNUMBER(F355), ABS(D355-F355)/D355, """")","=IF(ISNUMBER(H355), ABS(D355-H355)/D355, """")","=IF(AND(ISNUMBER(F355), ISNUMBER(H355)), ABS(F355-H355)/F355, """")","=AVERAGE(D355, IFERROR(F355, D355), IFERROR(H355, D355))"
GRV000008LD6,ALPHA HSBC EURFTSWAP,EUR,1.125,,,,,"=IF(ISNUMBER(F356), ABS(D356-F356)/D356, """")","=IF(ISNUMBER(H356), ABS(D356-H356)/D356, """")","=IF(AND(ISNUMBER(F356), ISNUMBER(H356)), ABS(F356-H356)/F356, """")","=AVERAGE(D356, IFERROR(F356, D356), IFERROR(H356, D356))"
IS0000028538,ISLANDSBANKI HF,ISK,79.0,,,,,"=IF(ISNUMBER(F357), ABS(D357-F357)/D357, """")","=IF(ISNUMBER(H357), ABS(D357-H357)/D357, """")","=IF(AND(ISNUMBER(F357), ISNUMBER(H357)), ABS(F357-H357)/F357, """")","=AVERAGE(D357, IFERROR(F357, D357), IFERROR(H357, D357))"
BRAMBPACNOR6,AMBIPAR PARTICIPACOE CFD ,USD,8.3471,,,,,"=IF(ISNUMBER(F358), ABS(D358-F358)/D358, """")","=IF(ISNUMBER(H358), ABS(D358-H358)/D358, """")","=IF(AND(ISNUMBER(F358), ISNUMBER(H358)), ABS(F358-H358)/F358, """")","=AVERAGE(D358, IFERROR(F358, D358), IFERROR(H358, D358))"
EGS743O1C013,E-FINANCE FOR DIGI,EGP,13.98,,,,,"=IF(ISNUMBER(F359), ABS(D359-F359)/D359, """")","=IF(ISNUMBER(H359), ABS(D359-H359)/D359, """")","=IF(AND(ISNUMBER(F359), ISNUMBER(H359)), ABS(F359-H359)/F359, """")","=AVERAGE(D359, IFERROR(F359, D359), IFERROR(H359, D359))"
PLTSQGM00016,TEN SQUARE GAMES,PLN,341.4,,,WSE:TEN,"=INDEX(GOOGLEFINANCE(""WSE:TEN"", ""close"", DATE(2026,5,31)), 2, 2)","=IF(ISNUMBER(F360), ABS(D360-F360)/D360, """")","=IF(ISNUMBER(H360), ABS(D360-H360)/D360, """")","=IF(AND(ISNUMBER(F360), ISNUMBER(H360)), ABS(F360-H360)/F360, """")","=AVERAGE(D360, IFERROR(F360, D360), IFERROR(H360, D360))"
LK0092N00003,KEELLS(JOHN)HLDGS,LKR,137.5,,,,,"=IF(ISNUMBER(F361), ABS(D361-F361)/D361, """")","=IF(ISNUMBER(H361), ABS(D361-H361)/D361, """")","=IF(AND(ISNUMBER(F361), ISNUMBER(H361)), ABS(F361-H361)/F361, """")","=AVERAGE(D361, IFERROR(F361, D361), IFERROR(H361, D361))"
SA562G5H0I13,MIAHONA CO,SAR,14.94,,,,,"=IF(ISNUMBER(F362), ABS(D362-F362)/D362, """")","=IF(ISNUMBER(H362), ABS(D362-H362)/D362, """")","=IF(AND(ISNUMBER(F362), ISNUMBER(H362)), ABS(F362-H362)/F362, """")","=AVERAGE(D362, IFERROR(F362, D362), IFERROR(H362, D362))"
SA15QH00SKH0,AL MAWARID MANPOWE,SAR,109.6,,,,,"=IF(ISNUMBER(F363), ABS(D363-F363)/D363, """")","=IF(ISNUMBER(H363), ABS(D363-H363)/D363, """")","=IF(AND(ISNUMBER(F363), ISNUMBER(H363)), ABS(F363-H363)/F363, """")","=AVERAGE(D363, IFERROR(F363, D363), IFERROR(H363, D363))"
SA15H14I11H6,AL-DAWAA MEDICAL S,SAR,74.3,,,,,"=IF(ISNUMBER(F364), ABS(D364-F364)/D364, """")","=IF(ISNUMBER(H364), ABS(D364-H364)/D364, """")","=IF(AND(ISNUMBER(F364), ISNUMBER(H364)), ABS(F364-H364)/F364, """")","=AVERAGE(D364, IFERROR(F364, D364), IFERROR(H364, D364))"
SA15HG521213,AL NAHDI MEDICAL C,SAR,158.2,,,,,"=IF(ISNUMBER(F365), ABS(D365-F365)/D365, """")","=IF(ISNUMBER(H365), ABS(D365-H365)/D365, """")","=IF(AND(ISNUMBER(F365), ISNUMBER(H365)), ABS(F365-H365)/F365, """")","=AVERAGE(D365, IFERROR(F365, D365), IFERROR(H365, D365))"
KYG9808A1058,WUXI XDC CAYMAN,HKD,20.6,,,,,"=IF(ISNUMBER(F366), ABS(D366-F366)/D366, """")","=IF(ISNUMBER(H366), ABS(D366-H366)/D366, """")","=IF(AND(ISNUMBER(F366), ISNUMBER(H366)), ABS(F366-H366)/F366, """")","=AVERAGE(D366, IFERROR(F366, D366), IFERROR(H366, D366))"
OM0000009072,OQ GAS NETWORK,OMR,0.14,,,,,"=IF(ISNUMBER(F367), ABS(D367-F367)/D367, """")","=IF(ISNUMBER(H367), ABS(D367-H367)/D367, """")","=IF(AND(ISNUMBER(F367), ISNUMBER(H367)), ABS(F367-H367)/F367, """")","=AVERAGE(D367, IFERROR(F367, D367), IFERROR(H367, D367))"
SA15D1I1VJH7,ARABIAN CONTRACTIN,SAR,181.8,,,,,"=IF(ISNUMBER(F368), ABS(D368-F368)/D368, """")","=IF(ISNUMBER(H368), ABS(D368-H368)/D368, """")","=IF(AND(ISNUMBER(F368), ISNUMBER(H368)), ABS(F368-H368)/F368, """")","=AVERAGE(D368, IFERROR(F368, D368), IFERROR(H368, D368))"
PHY1249R1024,CENTURY PACIFIC FO,PHP,39.45,,,PSE:CENTURY,"=INDEX(GOOGLEFINANCE(""PSE:CENTURY"", ""close"", DATE(2026,5,31)), 2, 2)","=IF(ISNUMBER(F369), ABS(D369-F369)/D369, """")","=IF(ISNUMBER(H369), ABS(D369-H369)/D369, """")","=IF(AND(ISNUMBER(F369), ISNUMBER(H369)), ABS(F369-H369)/F369, """")","=AVERAGE(D369, IFERROR(F369, D369), IFERROR(H369, D369))"
AEE01356D236,DUBAI TAXI COMPANY,AED,2.2,,,DFM:DUBAITAXI,"=INDEX(GOOGLEFINANCE(""DFM:DUBAITAXI"", ""close"", DATE(2026,5,31)), 2, 2)","=IF(ISNUMBER(F370), ABS(D370-F370)/D370, """")","=IF(ISNUMBER(H370), ABS(D370-H370)/D370, """")","=IF(AND(ISNUMBER(F370), ISNUMBER(H370)), ABS(F370-H370)/F370, """")","=AVERAGE(D370, IFERROR(F370, D370), IFERROR(H370, D370))"
SA0007879162,SAVOLA GROUP,SAR,37.8,,,,,"=IF(ISNUMBER(F371), ABS(D371-F371)/D371, """")","=IF(ISNUMBER(H371), ABS(D371-H371)/D371, """")","=IF(AND(ISNUMBER(F371), ISNUMBER(H371)), ABS(F371-H371)/F371, """")","=AVERAGE(D371, IFERROR(F371, D371), IFERROR(H371, D371))"
THA848010015,THAI LIFE INSURANCE,THB,16.0,,,,,"=IF(ISNUMBER(F372), ABS(D372-F372)/D372, """")","=IF(ISNUMBER(H372), ABS(D372-H372)/D372, """")","=IF(AND(ISNUMBER(F372), ISNUMBER(H372)), ABS(F372-H372)/F372, """")","=AVERAGE(D372, IFERROR(F372, D372), IFERROR(H372, D372))"
SA15JH2H3L19,NAQI WATER COMPANY,SAR,69.0,,,,,"=IF(ISNUMBER(F373), ABS(D373-F373)/D373, """")","=IF(ISNUMBER(H373), ABS(D373-H373)/D373, """")","=IF(AND(ISNUMBER(F373), ISNUMBER(H373)), ABS(F373-H373)/F373, """")","=AVERAGE(D373, IFERROR(F373, D373), IFERROR(H373, D373))"
TRAYKBNK91N6,YAPI VE KREDI BANK,TRY,29.7,,,,,"=IF(ISNUMBER(F374), ABS(D374-F374)/D374, """")","=IF(ISNUMBER(H374), ABS(D374-H374)/D374, """")","=IF(AND(ISNUMBER(F374), ISNUMBER(H374)), ABS(F374-H374)/F374, """")","=AVERAGE(D374, IFERROR(F374, D374), IFERROR(H374, D374))"
BMG9460G1015,VALARIS LIMITED,USD,48.51,,,,,"=IF(ISNUMBER(F375), ABS(D375-F375)/D375, """")","=IF(ISNUMBER(H375), ABS(D375-H375)/D375, """")","=IF(AND(ISNUMBER(F375), ISNUMBER(H375)), ABS(F375-H375)/F375, """")","=AVERAGE(D375, IFERROR(F375, D375), IFERROR(H375, D375))"
PHY077751022,BDO UNIBANK INC,PHP,144.5,,,PSE:BDO,"=INDEX(GOOGLEFINANCE(""PSE:BDO"", ""close"", DATE(2026,5,31)), 2, 2)","=IF(ISNUMBER(F376), ABS(D376-F376)/D376, """")","=IF(ISNUMBER(H376), ABS(D376-H376)/D376, """")","=IF(AND(ISNUMBER(F376), ISNUMBER(H376)), ABS(F376-H376)/F376, """")","=AVERAGE(D376, IFERROR(F376, D376), IFERROR(H376, D376))"
US34460G1067,SC FONDUL PROPRIET GDR,USD,21.6,,,,,"=IF(ISNUMBER(F377), ABS(D377-F377)/D377, """")","=IF(ISNUMBER(H377), ABS(D377-H377)/D377, """")","=IF(AND(ISNUMBER(F377), ISNUMBER(H377)), ABS(F377-H377)/F377, """")","=AVERAGE(D377, IFERROR(F377, D377), IFERROR(H377, D377))"
CNE100006WS8,CONTEMPORARY AMPER,HKD,377.4,,,,,"=IF(ISNUMBER(F378), ABS(D378-F378)/D378, """")","=IF(ISNUMBER(H378), ABS(D378-H378)/D378, """")","=IF(AND(ISNUMBER(F378), ISNUMBER(H378)), ABS(F378-H378)/F378, """")","=AVERAGE(D378, IFERROR(F378, D378), IFERROR(H378, D378))"
SA000A0MQCJ2,SAUDI KAYAN PETROCHE CFD ,USD,3.421992,,,,,"=IF(ISNUMBER(F379), ABS(D379-F379)/D379, """")","=IF(ISNUMBER(H379), ABS(D379-H379)/D379, """")","=IF(AND(ISNUMBER(F379), ISNUMBER(H379)), ABS(F379-H379)/F379, """")","=AVERAGE(D379, IFERROR(F379, D379), IFERROR(H379, D379))"
CNE1000070H8,NANJING LEADS BIOL,HKD,35.0,,,,,"=IF(ISNUMBER(F380), ABS(D380-F380)/D380, """")","=IF(ISNUMBER(H380), ABS(D380-H380)/D380, """")","=IF(AND(ISNUMBER(F380), ISNUMBER(H380)), ABS(F380-H380)/F380, """")","=AVERAGE(D380, IFERROR(F380, D380), IFERROR(H380, D380))"
VNMIRNLG2518,NAM LONG INVESTMEN,VND,2938.0,,,,,"=IF(ISNUMBER(F381), ABS(D381-F381)/D381, """")","=IF(ISNUMBER(H381), ABS(D381-H381)/D381, """")","=IF(AND(ISNUMBER(F381), ISNUMBER(H381)), ABS(F381-H381)/F381, """")","=AVERAGE(D381, IFERROR(F381, D381), IFERROR(H381, D381))"
SA1690F1VQ15,DERAYAH FINANCIAL,SAR,39.0,,,,,"=IF(ISNUMBER(F382), ABS(D382-F382)/D382, """")","=IF(ISNUMBER(H382), ABS(D382-H382)/D382, """")","=IF(AND(ISNUMBER(F382), ISNUMBER(H382)), ABS(F382-H382)/F382, """")","=AVERAGE(D382, IFERROR(F382, D382), IFERROR(H382, D382))"
AEE01135A222,AMERICANA REST INT CFD HS,USD,1.124452,,,ADX:AMERICANA,"=INDEX(GOOGLEFINANCE(""ADX:AMERICANA"", ""close"", DATE(2026,5,31)), 2, 2)","=IF(ISNUMBER(F383), ABS(D383-F383)/D383, """")","=IF(ISNUMBER(H383), ABS(D383-H383)/D383, """")","=IF(AND(ISNUMBER(F383), ISNUMBER(H383)), ABS(F383-H383)/F383, """")","=AVERAGE(D383, IFERROR(F383, D383), IFERROR(H383, D383))"
PH0000061442,MAYNILAD WATER,PHP,16.2,,,,,"=IF(ISNUMBER(F384), ABS(D384-F384)/D384, """")","=IF(ISNUMBER(H384), ABS(D384-H384)/D384, """")","=IF(AND(ISNUMBER(F384), ISNUMBER(H384)), ABS(F384-H384)/F384, """")","=AVERAGE(D384, IFERROR(F384, D384), IFERROR(H384, D384))"
AU000000BMN9,BANNERMAN,AUD,3.55,,,,,"=IF(ISNUMBER(F385), ABS(D385-F385)/D385, """")","=IF(ISNUMBER(H385), ABS(D385-H385)/D385, """")","=IF(AND(ISNUMBER(F385), ISNUMBER(H385)), ABS(F385-H385)/F385, """")","=AVERAGE(D385, IFERROR(F385, D385), IFERROR(H385, D385))"
TRAAKBNK91N6,AKBANK,TRY,69.8,,,,,"=IF(ISNUMBER(F386), ABS(D386-F386)/D386, """")","=IF(ISNUMBER(H386), ABS(D386-H386)/D386, """")","=IF(AND(ISNUMBER(F386), ISNUMBER(H386)), ABS(F386-H386)/F386, """")","=AVERAGE(D386, IFERROR(F386, D386), IFERROR(H386, D386))"
QA0007227737,OOREDOO,QAR,13.5,,,,,"=IF(ISNUMBER(F387), ABS(D387-F387)/D387, """")","=IF(ISNUMBER(H387), ABS(D387-H387)/D387, """")","=IF(AND(ISNUMBER(F387), ISNUMBER(H387)), ABS(F387-H387)/F387, """")","=AVERAGE(D387, IFERROR(F387, D387), IFERROR(H387, D387))"
JE00BF50RG45,YELLOW CAKE PLC,GBP,6.795,,,,,"=IF(ISNUMBER(F388), ABS(D388-F388)/D388, """")","=IF(ISNUMBER(H388), ABS(D388-H388)/D388, """")","=IF(AND(ISNUMBER(F388), ISNUMBER(H388)), ABS(F388-H388)/F388, """")","=AVERAGE(D388, IFERROR(F388, D388), IFERROR(H388, D388))"
NL0015073TP4,PICS N.V.,USD,18.0,,,,,"=IF(ISNUMBER(F389), ABS(D389-F389)/D389, """")","=IF(ISNUMBER(H389), ABS(D389-H389)/D389, """")","=IF(AND(ISNUMBER(F389), ISNUMBER(H389)), ABS(F389-H389)/F389, """")","=AVERAGE(D389, IFERROR(F389, D389), IFERROR(H389, D389))"
SA0007879113,AL RAJHI BANK,SAR,97.55,,,,,"=IF(ISNUMBER(F390), ABS(D390-F390)/D390, """")","=IF(ISNUMBER(H390), ABS(D390-H390)/D390, """")","=IF(AND(ISNUMBER(F390), ISNUMBER(H390)), ABS(F390-H390)/F390, """")","=AVERAGE(D390, IFERROR(F390, D390), IFERROR(H390, D390))"
CNE100000296,BYD CO 'H'SHS CNY1 CFD GO,HKD,96.95,,,,,"=IF(ISNUMBER(F391), ABS(D391-F391)/D391, """")","=IF(ISNUMBER(H391), ABS(D391-H391)/D391, """")","=IF(AND(ISNUMBER(F391), ISNUMBER(H391)), ABS(F391-H391)/F391, """")","=AVERAGE(D391, IFERROR(F391, D391), IFERROR(H391, D391))"
VN000000VNM8,VIETNAM DAIRY PROD,VND,61300.0,,,,,"=IF(ISNUMBER(F392), ABS(D392-F392)/D392, """")","=IF(ISNUMBER(H392), ABS(D392-H392)/D392, """")","=IF(AND(ISNUMBER(F392), ISNUMBER(H392)), ABS(F392-H392)/F392, """")","=AVERAGE(D392, IFERROR(F392, D392), IFERROR(H392, D392))"
GRS298343005,HELLENIC PETROLEUM,EUR,10.3,,,,,"=IF(ISNUMBER(F393), ABS(D393-F393)/D393, """")","=IF(ISNUMBER(H393), ABS(D393-H393)/D393, """")","=IF(AND(ISNUMBER(F393), ISNUMBER(H393)), ABS(F393-H393)/F393, """")","=AVERAGE(D393, IFERROR(F393, D393), IFERROR(H393, D393))"
INE530B01024,IIFL FINANCE LTD,INR,466.9,,,,,"=IF(ISNUMBER(F394), ABS(D394-F394)/D394, """")","=IF(ISNUMBER(H394), ABS(D394-H394)/D394, """")","=IF(AND(ISNUMBER(F394), ISNUMBER(H394)), ABS(F394-H394)/F394, """")","=AVERAGE(D394, IFERROR(F394, D394), IFERROR(H394, D394))"
KYG070341048,BAIDU INC,HKD,130.0,,,HKG:9888,"=INDEX(GOOGLEFINANCE(""HKG:9888"", ""close"", DATE(2026,5,31)), 2, 2)","=IF(ISNUMBER(F395), ABS(D395-F395)/D395, """")","=IF(ISNUMBER(H395), ABS(D395-H395)/D395, """")","=IF(AND(ISNUMBER(F395), ISNUMBER(H395)), ABS(F395-H395)/F395, """")","=AVERAGE(D395, IFERROR(F395, D395), IFERROR(H395, D395))"
SA15L0N10HH3,THE POWER & WATER,SAR,61.4,,,,,"=IF(ISNUMBER(F396), ABS(D396-F396)/D396, """")","=IF(ISNUMBER(H396), ABS(D396-H396)/D396, """")","=IF(AND(ISNUMBER(F396), ISNUMBER(H396)), ABS(F396-H396)/F396, """")","=AVERAGE(D396, IFERROR(F396, D396), IFERROR(H396, D396))"
US84265V1052,SOUTHERN COPPER CORP CFD ,USD,71.84,,,,,"=IF(ISNUMBER(F397), ABS(D397-F397)/D397, """")","=IF(ISNUMBER(H397), ABS(D397-H397)/D397, """")","=IF(AND(ISNUMBER(F397), ISNUMBER(H397)), ABS(F397-H397)/F397, """")","=AVERAGE(D397, IFERROR(F397, D397), IFERROR(H397, D397))"
CA85207H1047,SPROTT PHYSICAL GOLD CFD ,USD,34.42,,,,,"=IF(ISNUMBER(F398), ABS(D398-F398)/D398, """")","=IF(ISNUMBER(H398), ABS(D398-H398)/D398, """")","=IF(AND(ISNUMBER(F398), ISNUMBER(H398)), ABS(F398-H398)/F398, """")","=AVERAGE(D398, IFERROR(F398, D398), IFERROR(H398, D398))"
GRS830003000,ALPHA BANK S.A.,EUR,3.91,,,,,"=IF(ISNUMBER(F399), ABS(D399-F399)/D399, """")","=IF(ISNUMBER(H399), ABS(D399-H399)/D399, """")","=IF(AND(ISNUMBER(F399), ISNUMBER(H399)), ABS(F399-H399)/F399, """")","=AVERAGE(D399, IFERROR(F399, D399), IFERROR(H399, D399))"
SA16CI8KMOH3,JAMJOOM FASHION TR,SAR,106.1,,,TADAWUL:9649,"=INDEX(GOOGLEFINANCE(""TADAWUL:9649"", ""close"", DATE(2026,5,31)), 2, 2)","=IF(ISNUMBER(F400), ABS(D400-F400)/D400, """")","=IF(ISNUMBER(H400), ABS(D400-H400)/D400, """")","=IF(AND(ISNUMBER(F400), ISNUMBER(H400)), ABS(F400-H400)/F400, """")","=AVERAGE(D400, IFERROR(F400, D400), IFERROR(H400, D400))"
MXCFFM010000,FIBRA MTY SAPI DE CV CFD ,USD,0.820601,,,,,"=IF(ISNUMBER(F401), ABS(D401-F401)/D401, """")","=IF(ISNUMBER(H401), ABS(D401-H401)/D401, """")","=IF(AND(ISNUMBER(F401), ISNUMBER(H401)), ABS(F401-H401)/F401, """")","=AVERAGE(D401, IFERROR(F401, D401), IFERROR(H401, D401))"
CNE100007DY4,SHENZHEN WOER HEAT,HKD,15.29,,,,,"=IF(ISNUMBER(F402), ABS(D402-F402)/D402, """")","=IF(ISNUMBER(H402), ABS(D402-H402)/D402, """")","=IF(AND(ISNUMBER(F402), ISNUMBER(H402)), ABS(F402-H402)/F402, """")","=AVERAGE(D402, IFERROR(F402, D402), IFERROR(H402, D402))"
BE0974338700,TITAN CEMENT INTL,EUR,40.7,,,,,"=IF(ISNUMBER(F403), ABS(D403-F403)/D403, """")","=IF(ISNUMBER(H403), ABS(D403-H403)/D403, """")","=IF(AND(ISNUMBER(F403), ISNUMBER(H403)), ABS(F403-H403)/F403, """")","=AVERAGE(D403, IFERROR(F403, D403), IFERROR(H403, D403))"
AEE000801010,EMIRATES NBD PJSC,AED,17.45,,,,,"=IF(ISNUMBER(F404), ABS(D404-F404)/D404, """")","=IF(ISNUMBER(H404), ABS(D404-H404)/D404, """")","=IF(AND(ISNUMBER(F404), ISNUMBER(H404)), ABS(F404-H404)/F404, """")","=AVERAGE(D404, IFERROR(F404, D404), IFERROR(H404, D404))"
HK0001200002,ZIJIN GOLD INTERNA,HKD,140.2,,,,,"=IF(ISNUMBER(F405), ABS(D405-F405)/D405, """")","=IF(ISNUMBER(H405), ABS(D405-H405)/D405, """")","=IF(AND(ISNUMBER(F405), ISNUMBER(H405)), ABS(F405-H405)/F405, """")","=AVERAGE(D405, IFERROR(F405, D405), IFERROR(H405, D405))"
US05606L1008,BYD CO LTD-UNSPONSOR CFD ,USD,13.65,,,,,"=IF(ISNUMBER(F406), ABS(D406-F406)/D406, """")","=IF(ISNUMBER(H406), ABS(D406-H406)/D406, """")","=IF(AND(ISNUMBER(F406), ISNUMBER(H406)), ABS(F406-H406)/F406, """")","=AVERAGE(D406, IFERROR(F406, D406), IFERROR(H406, D406))"
GRS014003032,PIRAEUS FINANCIAL,EUR,7.162957,,,,,"=IF(ISNUMBER(F407), ABS(D407-F407)/D407, """")","=IF(ISNUMBER(H407), ABS(D407-H407)/D407, """")","=IF(AND(ISNUMBER(F407), ISNUMBER(H407)), ABS(F407-H407)/F407, """")","=AVERAGE(D407, IFERROR(F407, D407), IFERROR(H407, D407))"
KE1000001402,SAFARICOM PLC,KES,29.15,,,,,"=IF(ISNUMBER(F408), ABS(D408-F408)/D408, """")","=IF(ISNUMBER(H408), ABS(D408-H408)/D408, """")","=IF(AND(ISNUMBER(F408), ISNUMBER(H408)), ABS(F408-H408)/F408, """")","=AVERAGE(D408, IFERROR(F408, D408), IFERROR(H408, D408))"
CNE100007HD9,SHENZHEN ZHAOWEI M,HKD,73.0,,,,,"=IF(ISNUMBER(F409), ABS(D409-F409)/D409, """")","=IF(ISNUMBER(H409), ABS(D409-H409)/D409, """")","=IF(AND(ISNUMBER(F409), ISNUMBER(H409)), ABS(F409-H409)/F409, """")","=AVERAGE(D409, IFERROR(F409, D409), IFERROR(H409, D409))"
THD365010012,MR. D.I.Y. HOLDING,THB,8.55,,,,,"=IF(ISNUMBER(F410), ABS(D410-F410)/D410, """")","=IF(ISNUMBER(H410), ABS(D410-H410)/D410, """")","=IF(AND(ISNUMBER(F410), ISNUMBER(H410)), ABS(F410-H410)/F410, """")","=AVERAGE(D410, IFERROR(F410, D410), IFERROR(H410, D410))"
CNE100007LD1,METIS TECHBIO  CO,HKD,10.5,,,,,"=IF(ISNUMBER(F411), ABS(D411-F411)/D411, """")","=IF(ISNUMBER(H411), ABS(D411-H411)/D411, """")","=IF(AND(ISNUMBER(F411), ISNUMBER(H411)), ABS(F411-H411)/F411, """")","=AVERAGE(D411, IFERROR(F411, D411), IFERROR(H411, D411))"
US63654D1164,NATIONAL INVES &RECO ADR,USD,25.125005,,,,,"=IF(ISNUMBER(F412), ABS(D412-F412)/D412, """")","=IF(ISNUMBER(H412), ABS(D412-H412)/D412, """")","=IF(AND(ISNUMBER(F412), ISNUMBER(H412)), ABS(F412-H412)/F412, """")","=AVERAGE(D412, IFERROR(F412, D412), IFERROR(H412, D412))"
AEE001901017,EMAAR DEVELOPMENT,AED,14.44,,,,,"=IF(ISNUMBER(F413), ABS(D413-F413)/D413, """")","=IF(ISNUMBER(H413), ABS(D413-H413)/D413, """")","=IF(AND(ISNUMBER(F413), ISNUMBER(H413)), ABS(F413-H413)/F413, """")","=AVERAGE(D413, IFERROR(F413, D413), IFERROR(H413, D413))"
GB00BJVWTM27,GULF MARINE SERVIC,GBP,0.196,,,,,"=IF(ISNUMBER(F414), ABS(D414-F414)/D414, """")","=IF(ISNUMBER(H414), ABS(D414-H414)/D414, """")","=IF(AND(ISNUMBER(F414), ISNUMBER(H414)), ABS(F414-H414)/F414, """")","=AVERAGE(D414, IFERROR(F414, D414), IFERROR(H414, D414))"
TH0765010R16,AIRPORTS OF THAILAND CFD ,USD,1.697649,,,,,"=IF(ISNUMBER(F415), ABS(D415-F415)/D415, """")","=IF(ISNUMBER(H415), ABS(D415-H415)/D415, """")","=IF(AND(ISNUMBER(F415), ISNUMBER(H415)), ABS(F415-H415)/F415, """")","=AVERAGE(D415, IFERROR(F415, D415), IFERROR(H415, D415))"
DE0007030009,RHEINMETALL AG CFD HSBC,EUR,1291.4,,,,,"=IF(ISNUMBER(F416), ABS(D416-F416)/D416, """")","=IF(ISNUMBER(H416), ABS(D416-H416)/D416, """")","=IF(AND(ISNUMBER(F416), ISNUMBER(H416)), ABS(F416-H416)/F416, """")","=AVERAGE(D416, IFERROR(F416, D416), IFERROR(H416, D416))"
SA562GSHUOH7,DR. SOLIMAN ABDEL,SAR,57.5,,,,,"=IF(ISNUMBER(F417), ABS(D417-F417)/D417, """")","=IF(ISNUMBER(H417), ABS(D417-H417)/D417, """")","=IF(AND(ISNUMBER(F417), ISNUMBER(H417)), ABS(F417-H417)/F417, """")","=AVERAGE(D417, IFERROR(F417, D417), IFERROR(H417, D417))"
DE000DM099Y4,FPT CORP DB PNOTE,USD,2.332629,,,,,"=IF(ISNUMBER(F418), ABS(D418-F418)/D418, """")","=IF(ISNUMBER(H418), ABS(D418-H418)/D418, """")","=IF(AND(ISNUMBER(F418), ISNUMBER(H418)), ABS(F418-H418)/F418, """")","=AVERAGE(D418, IFERROR(F418, D418), IFERROR(H418, D418))"
SA159GK22IH4,THEEB RENT A CAR CO,SAR,52.05,,,,,"=IF(ISNUMBER(F419), ABS(D419-F419)/D419, """")","=IF(ISNUMBER(H419), ABS(D419-H419)/D419, """")","=IF(AND(ISNUMBER(F419), ISNUMBER(H419)), ABS(F419-H419)/F419, """")","=AVERAGE(D419, IFERROR(F419, D419), IFERROR(H419, D419))"
SA0007879097,SAMBA HSBC SWAP USD,USD,10.305842,,,,,"=IF(ISNUMBER(F420), ABS(D420-F420)/D420, """")","=IF(ISNUMBER(H420), ABS(D420-H420)/D420, """")","=IF(AND(ISNUMBER(F420), ISNUMBER(H420)), ABS(F420-H420)/F420, """")","=AVERAGE(D420, IFERROR(F420, D420), IFERROR(H420, D420))"
DE000DS0VCB4,TECHCOM BK DB PNOTE,USD,1.008303,,,,,"=IF(ISNUMBER(F421), ABS(D421-F421)/D421, """")","=IF(ISNUMBER(H421), ABS(D421-H421)/D421, """")","=IF(AND(ISNUMBER(F421), ISNUMBER(H421)), ABS(F421-H421)/F421, """")","=AVERAGE(D421, IFERROR(F421, D421), IFERROR(H421, D421))"
KW0EQ0660005,JAZEERA RIGHTS,KWD,0.136,,,,,"=IF(ISNUMBER(F422), ABS(D422-F422)/D422, """")","=IF(ISNUMBER(H422), ABS(D422-H422)/D422, """")","=IF(AND(ISNUMBER(F422), ISNUMBER(H422)), ABS(F422-H422)/F422, """")","=AVERAGE(D422, IFERROR(F422, D422), IFERROR(H422, D422))"
AEA007501017,AL YAH SATELLITE COM CFD ,USD,0.765032,,,ADX:YAHSAT,"=INDEX(GOOGLEFINANCE(""ADX:YAHSAT"", ""close"", DATE(2026,5,31)), 2, 2)","=IF(ISNUMBER(F423), ABS(D423-F423)/D423, """")","=IF(ISNUMBER(H423), ABS(D423-H423)/D423, """")","=IF(AND(ISNUMBER(F423), ISNUMBER(H423)), ABS(F423-H423)/F423, """")","=AVERAGE(D423, IFERROR(F423, D423), IFERROR(H423, D423))"
AT0000A296B4,OMV TURBO EURO RAIF,EUR,0.077,,,,,"=IF(ISNUMBER(F424), ABS(D424-F424)/D424, """")","=IF(ISNUMBER(H424), ABS(D424-H424)/D424, """")","=IF(AND(ISNUMBER(F424), ISNUMBER(H424)), ABS(F424-H424)/F424, """")","=AVERAGE(D424, IFERROR(F424, D424), IFERROR(H424, D424))"
US1912411089,CC FEMSA ADR,USD,57.955,,,,,"=IF(ISNUMBER(F425), ABS(D425-F425)/D425, """")","=IF(ISNUMBER(H425), ABS(D425-H425)/D425, """")","=IF(AND(ISNUMBER(F425), ISNUMBER(H425)), ABS(F425-H425)/F425, """")","=AVERAGE(D425, IFERROR(F425, D425), IFERROR(H425, D425))"
GB00BJVQC708,HELIOS TOWERS PLC,GBP,1.682,,,,,"=IF(ISNUMBER(F426), ABS(D426-F426)/D426, """")","=IF(ISNUMBER(H426), ABS(D426-H426)/D426, """")","=IF(AND(ISNUMBER(F426), ISNUMBER(H426)), ABS(F426-H426)/F426, """")","=AVERAGE(D426, IFERROR(F426, D426), IFERROR(H426, D426))"
US91822M1062,VEON LTD,USD,2.455,,,,,"=IF(ISNUMBER(F427), ABS(D427-F427)/D427, """")","=IF(ISNUMBER(H427), ABS(D427-H427)/D427, """")","=IF(AND(ISNUMBER(F427), ISNUMBER(H427)), ABS(F427-H427)/F427, """")","=AVERAGE(D427, IFERROR(F427, D427), IFERROR(H427, D427))"
ID3000056407,BK RAKYAT IND RIGHTS CFD ,USD,0.002666,,,,,"=IF(ISNUMBER(F428), ABS(D428-F428)/D428, """")","=IF(ISNUMBER(H428), ABS(D428-H428)/D428, """")","=IF(AND(ISNUMBER(F428), ISNUMBER(H428)), ABS(F428-H428)/F428, """")","=AVERAGE(D428, IFERROR(F428, D428), IFERROR(H428, D428))"
BRIFCMACNOR8,INFRACOMMERCE CXAA,BRL,16.8,,,,,"=IF(ISNUMBER(F429), ABS(D429-F429)/D429, """")","=IF(ISNUMBER(H429), ABS(D429-H429)/D429, """")","=IF(AND(ISNUMBER(F429), ISNUMBER(H429)), ABS(F429-H429)/F429, """")","=AVERAGE(D429, IFERROR(F429, D429), IFERROR(H429, D429))"
THA271010003,NGERN TID LOR PCL CFD GOL,USD,1.056076,,,,,"=IF(ISNUMBER(F430), ABS(D430-F430)/D430, """")","=IF(ISNUMBER(H430), ABS(D430-H430)/D430, """")","=IF(AND(ISNUMBER(F430), ISNUMBER(H430)), ABS(F430-H430)/F430, """")","=AVERAGE(D430, IFERROR(F430, D430), IFERROR(H430, D430))"
NL0013654783,PROSUS GS SWAP EUR,EUR,81.9,,,,,"=IF(ISNUMBER(F431), ABS(D431-F431)/D431, """")","=IF(ISNUMBER(H431), ABS(D431-H431)/D431, """")","=IF(AND(ISNUMBER(F431), ISNUMBER(H431)), ABS(F431-H431)/F431, """")","=AVERAGE(D431, IFERROR(F431, D431), IFERROR(H431, D431))"
KYG7170M1033,POP MART INTERNATION,HKD,38.5,,,,,"=IF(ISNUMBER(F432), ABS(D432-F432)/D432, """")","=IF(ISNUMBER(H432), ABS(D432-H432)/D432, """")","=IF(AND(ISNUMBER(F432), ISNUMBER(H432)), ABS(F432-H432)/F432, """")","=AVERAGE(D432, IFERROR(F432, D432), IFERROR(H432, D432))"
SA122050HV19,ALINMA BANK,SAR,29.45,,,,,"=IF(ISNUMBER(F433), ABS(D433-F433)/D433, """")","=IF(ISNUMBER(H433), ABS(D433-H433)/D433, """")","=IF(AND(ISNUMBER(F433), ISNUMBER(H433)), ABS(F433-H433)/F433, """")","=AVERAGE(D433, IFERROR(F433, D433), IFERROR(H433, D433))"
AEA003001012,AIR ARABIA PJSC CFD GOLDM,USD,0.449218,,,,,"=IF(ISNUMBER(F434), ABS(D434-F434)/D434, """")","=IF(ISNUMBER(H434), ABS(D434-H434)/D434, """")","=IF(AND(ISNUMBER(F434), ISNUMBER(H434)), ABS(F434-H434)/F434, """")","=AVERAGE(D434, IFERROR(F434, D434), IFERROR(H434, D434))"
SG1T74931364,YOMA STRATEGIC HLDGS,SGD,0.1845,,,,,"=IF(ISNUMBER(F435), ABS(D435-F435)/D435, """")","=IF(ISNUMBER(H435), ABS(D435-H435)/D435, """")","=IF(AND(ISNUMBER(F435), ISNUMBER(H435)), ABS(F435-H435)/F435, """")","=AVERAGE(D435, IFERROR(F435, D435), IFERROR(H435, D435))"
KW0EQ0609648,ALI ALGHANIM AUTO,KWD,0.793,,,,,"=IF(ISNUMBER(F436), ABS(D436-F436)/D436, """")","=IF(ISNUMBER(H436), ABS(D436-H436)/D436, """")","=IF(AND(ISNUMBER(F436), ISNUMBER(H436)), ABS(F436-H436)/F436, """")","=AVERAGE(D436, IFERROR(F436, D436), IFERROR(H436, D436))"
BREMBRACNOR4,EMBRAER CFD GOLDMAN,USD,4.0966,,,,,"=IF(ISNUMBER(F437), ABS(D437-F437)/D437, """")","=IF(ISNUMBER(H437), ABS(D437-H437)/D437, """")","=IF(AND(ISNUMBER(F437), ISNUMBER(H437)), ABS(F437-H437)/F437, """")","=AVERAGE(D437, IFERROR(F437, D437), IFERROR(H437, D437))"
PLWRTPL00027,WIRTUALNA POLSKA,PLN,113.2,,,WSE:WIRTUALNA,"=INDEX(GOOGLEFINANCE(""WSE:WIRTUALNA"", ""close"", DATE(2026,5,31)), 2, 2)","=IF(ISNUMBER(F438), ABS(D438-F438)/D438, """")","=IF(ISNUMBER(H438), ABS(D438-H438)/D438, """")","=IF(AND(ISNUMBER(F438), ISNUMBER(H438)), ABS(F438-H438)/F438, """")","=AVERAGE(D438, IFERROR(F438, D438), IFERROR(H438, D438))"
BRELMDACNOR3,ELECTROMIDIA,BRL,14.895,,,,,"=IF(ISNUMBER(F439), ABS(D439-F439)/D439, """")","=IF(ISNUMBER(H439), ABS(D439-H439)/D439, """")","=IF(AND(ISNUMBER(F439), ISNUMBER(H439)), ABS(F439-H439)/F439, """")","=AVERAGE(D439, IFERROR(F439, D439), IFERROR(H439, D439))"
VN000000VIC9,VINGROUP HSBC SWAP,USD,5.727111,,,,,"=IF(ISNUMBER(F440), ABS(D440-F440)/D440, """")","=IF(ISNUMBER(H440), ABS(D440-H440)/D440, """")","=IF(AND(ISNUMBER(F440), ISNUMBER(H440)), ABS(F440-H440)/F440, """")","=AVERAGE(D440, IFERROR(F440, D440), IFERROR(H440, D440))"
KW0EQ0601694,HUMAN SOFT HOLDING,KWD,3.128,,,,,"=IF(ISNUMBER(F441), ABS(D441-F441)/D441, """")","=IF(ISNUMBER(H441), ABS(D441-H441)/D441, """")","=IF(AND(ISNUMBER(F441), ISNUMBER(H441)), ABS(F441-H441)/F441, """")","=AVERAGE(D441, IFERROR(F441, D441), IFERROR(H441, D441))"
GRS536003007,ATHENS INT AIRPORT,EUR,9.17,,,,,"=IF(ISNUMBER(F442), ABS(D442-F442)/D442, """")","=IF(ISNUMBER(H442), ABS(D442-H442)/D442, """")","=IF(AND(ISNUMBER(F442), ISNUMBER(H442)), ABS(F442-H442)/F442, """")","=AVERAGE(D442, IFERROR(F442, D442), IFERROR(H442, D442))"
MYL5301OO006,CTOS DIGITAL BHD,MYR,1.1,,,,,"=IF(ISNUMBER(F443), ABS(D443-F443)/D443, """")","=IF(ISNUMBER(H443), ABS(D443-H443)/D443, """")","=IF(AND(ISNUMBER(F443), ISNUMBER(H443)), ABS(F443-H443)/F443, """")","=AVERAGE(D443, IFERROR(F443, D443), IFERROR(H443, D443))"
US8765685024,TATA MOTORS LTD CFD HSBC,USD,27.61,,,,,"=IF(ISNUMBER(F444), ABS(D444-F444)/D444, """")","=IF(ISNUMBER(H444), ABS(D444-H444)/D444, """")","=IF(AND(ISNUMBER(F444), ISNUMBER(H444)), ABS(F444-H444)/F444, """")","=AVERAGE(D444, IFERROR(F444, D444), IFERROR(H444, D444))"
AEE01370P249,PARKIN COMPANY PJS,AED,2.1,,,,,"=IF(ISNUMBER(F445), ABS(D445-F445)/D445, """")","=IF(ISNUMBER(H445), ABS(D445-H445)/D445, """")","=IF(AND(ISNUMBER(F445), ISNUMBER(H445)), ABS(F445-H445)/F445, """")","=AVERAGE(D445, IFERROR(F445, D445), IFERROR(H445, D445))"
PLSHPR000021,SHOPER SA,PLN,71.0,,,WSE:SHOPER,"=INDEX(GOOGLEFINANCE(""WSE:SHOPER"", ""close"", DATE(2026,5,31)), 2, 2)","=IF(ISNUMBER(F446), ABS(D446-F446)/D446, """")","=IF(ISNUMBER(H446), ABS(D446-H446)/D446, """")","=IF(AND(ISNUMBER(F446), ISNUMBER(H446)), ABS(F446-H446)/F446, """")","=AVERAGE(D446, IFERROR(F446, D446), IFERROR(H446, D446))"
THA504010002,THE ONE ENTERPRISE,THB,9.4,,,,,"=IF(ISNUMBER(F447), ABS(D447-F447)/D447, """")","=IF(ISNUMBER(H447), ABS(D447-H447)/D447, """")","=IF(AND(ISNUMBER(F447), ISNUMBER(H447)), ABS(F447-H447)/F447, """")","=AVERAGE(D447, IFERROR(F447, D447), IFERROR(H447, D447))"
ROFPTAACNOR5,SC FONDUL PROPRIET,RON,1.898,,,,,"=IF(ISNUMBER(F448), ABS(D448-F448)/D448, """")","=IF(ISNUMBER(H448), ABS(D448-H448)/D448, """")","=IF(AND(ISNUMBER(F448), ISNUMBER(H448)), ABS(F448-H448)/F448, """")","=AVERAGE(D448, IFERROR(F448, D448), IFERROR(H448, D448))"
INE0LCL01028,AVALON TECHNOL,INR,611.9,,,,,"=IF(ISNUMBER(F449), ABS(D449-F449)/D449, """")","=IF(ISNUMBER(H449), ABS(D449-H449)/D449, """")","=IF(AND(ISNUMBER(F449), ISNUMBER(H449)), ABS(F449-H449)/F449, """")","=AVERAGE(D449, IFERROR(F449, D449), IFERROR(H449, D449))"
US83418T1088,CIAN PLC,USD,16.4,,,,,"=IF(ISNUMBER(F450), ABS(D450-F450)/D450, """")","=IF(ISNUMBER(H450), ABS(D450-H450)/D450, """")","=IF(AND(ISNUMBER(F450), ISNUMBER(H450)), ABS(F450-H450)/F450, """")","=AVERAGE(D450, IFERROR(F450, D450), IFERROR(H450, D450))"
CL0000000423,LATAM AIRLINES GROUP CFD ,USD,0.012609,,,,,"=IF(ISNUMBER(F451), ABS(D451-F451)/D451, """")","=IF(ISNUMBER(H451), ABS(D451-H451)/D451, """")","=IF(AND(ISNUMBER(F451), ISNUMBER(H451)), ABS(F451-H451)/F451, """")","=AVERAGE(D451, IFERROR(F451, D451), IFERROR(H451, D451))"
ZAE000042164,MTN GRP LTD CFD CFD GOLDM,USD,6.858656,,,,,"=IF(ISNUMBER(F452), ABS(D452-F452)/D452, """")","=IF(ISNUMBER(H452), ABS(D452-H452)/D452, """")","=IF(AND(ISNUMBER(F452), ISNUMBER(H452)), ABS(F452-H452)/F452, """")","=AVERAGE(D452, IFERROR(F452, D452), IFERROR(H452, D452))"
RO4Q0Z5RO1B6,HIDROELECTRICA,RON,119.7,,,,,"=IF(ISNUMBER(F453), ABS(D453-F453)/D453, """")","=IF(ISNUMBER(H453), ABS(D453-H453)/D453, """")","=IF(AND(ISNUMBER(F453), ISNUMBER(H453)), ABS(F453-H453)/F453, """")","=AVERAGE(D453, IFERROR(F453, D453), IFERROR(H453, D453))"
TH0671010Z16,MAJOR CINEPLEX GRO,THB,15.2,,,,,"=IF(ISNUMBER(F454), ABS(D454-F454)/D454, """")","=IF(ISNUMBER(H454), ABS(D454-H454)/D454, """")","=IF(AND(ISNUMBER(F454), ISNUMBER(H454)), ABS(F454-H454)/F454, """")","=AVERAGE(D454, IFERROR(F454, D454), IFERROR(H454, D454))"
MYL5296OO008,MR D.I.Y. GROUP (M,MYR,1.51,,,,,"=IF(ISNUMBER(F455), ABS(D455-F455)/D455, """")","=IF(ISNUMBER(H455), ABS(D455-H455)/D455, """")","=IF(AND(ISNUMBER(F455), ISNUMBER(H455)), ABS(F455-H455)/F455, """")","=AVERAGE(D455, IFERROR(F455, D455), IFERROR(H455, D455))"
MXCFFI170008,PROLOGIS PROPERTY MEXICO,MXN,63.44,,,,,"=IF(ISNUMBER(F456), ABS(D456-F456)/D456, """")","=IF(ISNUMBER(H456), ABS(D456-H456)/D456, """")","=IF(AND(ISNUMBER(F456), ISNUMBER(H456)), ABS(F456-H456)/F456, """")","=AVERAGE(D456, IFERROR(F456, D456), IFERROR(H456, D456))"
MX01LA010006,GENOMMA LAB INT CFD GOLDM,USD,0.732526,,,,,"=IF(ISNUMBER(F457), ABS(D457-F457)/D457, """")","=IF(ISNUMBER(H457), ABS(D457-H457)/D457, """")","=IF(AND(ISNUMBER(F457), ISNUMBER(H457)), ABS(F457-H457)/F457, """")","=AVERAGE(D457, IFERROR(F457, D457), IFERROR(H457, D457))"
SA0007879543,SAUDI TELECOM CO CFD GOLD,USD,27.991789,,,,,"=IF(ISNUMBER(F458), ABS(D458-F458)/D458, """")","=IF(ISNUMBER(H458), ABS(D458-H458)/D458, """")","=IF(AND(ISNUMBER(F458), ISNUMBER(H458)), ABS(F458-H458)/F458, """")","=AVERAGE(D458, IFERROR(F458, D458), IFERROR(H458, D458))"
ROMEDLACNOR6,MED LIFE S.A,RON,3.87,,,,,"=IF(ISNUMBER(F459), ABS(D459-F459)/D459, """")","=IF(ISNUMBER(H459), ABS(D459-H459)/D459, """")","=IF(AND(ISNUMBER(F459), ISNUMBER(H459)), ABS(F459-H459)/F459, """")","=AVERAGE(D459, IFERROR(F459, D459), IFERROR(H459, D459))"
US50202M1027,LI AUTO INC ADR,USD,28.72,,,,,"=IF(ISNUMBER(F460), ABS(D460-F460)/D460, """")","=IF(ISNUMBER(H460), ABS(D460-H460)/D460, """")","=IF(AND(ISNUMBER(F460), ISNUMBER(H460)), ABS(F460-H460)/F460, """")","=AVERAGE(D460, IFERROR(F460, D460), IFERROR(H460, D460))"
AEE01657D252,DUBAI RESIDENTIAL,AED,1.1,,,,,"=IF(ISNUMBER(F461), ABS(D461-F461)/D461, """")","=IF(ISNUMBER(H461), ABS(D461-H461)/D461, """")","=IF(AND(ISNUMBER(F461), ISNUMBER(H461)), ABS(F461-H461)/F461, """")","=AVERAGE(D461, IFERROR(F461, D461), IFERROR(H461, D461))"
CNE100006Z53,FOSHAN HAITIAN FLA,HKD,36.3,,,,,"=IF(ISNUMBER(F462), ABS(D462-F462)/D462, """")","=IF(ISNUMBER(H462), ABS(D462-H462)/D462, """")","=IF(AND(ISNUMBER(F462), ISNUMBER(H462)), ABS(F462-H462)/F462, """")","=AVERAGE(D462, IFERROR(F462, D462), IFERROR(H462, D462))"
IE00BDC5DG00,KENMARE RESOURCES,GBP,3.14,,,,,"=IF(ISNUMBER(F463), ABS(D463-F463)/D463, """")","=IF(ISNUMBER(H463), ABS(D463-H463)/D463, """")","=IF(AND(ISNUMBER(F463), ISNUMBER(H463)), ABS(F463-H463)/F463, """")","=AVERAGE(D463, IFERROR(F463, D463), IFERROR(H463, D463))"
SA139051UIH0,NATIONAL MEDICAL C,SAR,162.2,,,,,"=IF(ISNUMBER(F464), ABS(D464-F464)/D464, """")","=IF(ISNUMBER(H464), ABS(D464-H464)/D464, """")","=IF(AND(ISNUMBER(F464), ISNUMBER(H464)), ABS(F464-H464)/F464, """")","=AVERAGE(D464, IFERROR(F464, D464), IFERROR(H464, D464))"
SA1661VHUP11,ALMOOSA HEALTH CO,SAR,159.7,,,,,"=IF(ISNUMBER(F465), ABS(D465-F465)/D465, """")","=IF(ISNUMBER(H465), ABS(D465-H465)/D465, """")","=IF(AND(ISNUMBER(F465), ISNUMBER(H465)), ABS(F465-H465)/F465, """")","=AVERAGE(D465, IFERROR(F465, D465), IFERROR(H465, D465))"
KW0EQ0100010,NATIONAL BANK OF KUW CFD ,USD,3.339825,,,,,"=IF(ISNUMBER(F466), ABS(D466-F466)/D466, """")","=IF(ISNUMBER(H466), ABS(D466-H466)/D466, """")","=IF(AND(ISNUMBER(F466), ISNUMBER(H466)), ABS(F466-H466)/F466, """")","=AVERAGE(D466, IFERROR(F466, D466), IFERROR(H466, D466))"
KR7440110005,FADU INC,KRW,41900.0,,,,,"=IF(ISNUMBER(F467), ABS(D467-F467)/D467, """")","=IF(ISNUMBER(H467), ABS(D467-H467)/D467, """")","=IF(AND(ISNUMBER(F467), ISNUMBER(H467)), ABS(F467-H467)/F467, """")","=AVERAGE(D467, IFERROR(F467, D467), IFERROR(H467, D467))"
CNE100007FF8,SHENZHEN HAN S CNC,CNY,95.8,,,,,"=IF(ISNUMBER(F468), ABS(D468-F468)/D468, """")","=IF(ISNUMBER(H468), ABS(D468-H468)/D468, """")","=IF(AND(ISNUMBER(F468), ISNUMBER(H468)), ABS(F468-H468)/F468, """")","=AVERAGE(D468, IFERROR(F468, D468), IFERROR(H468, D468))"
COD38PA00046,CEMENTOS ARGOS SA,COP,10660.0,,,,,"=IF(ISNUMBER(F469), ABS(D469-F469)/D469, """")","=IF(ISNUMBER(H469), ABS(D469-H469)/D469, """")","=IF(AND(ISNUMBER(F469), ISNUMBER(H469)), ABS(F469-H469)/F469, """")","=AVERAGE(D469, IFERROR(F469, D469), IFERROR(H469, D469))"
SA162GIK1SH5,RASAN INFORMATION,SAR,128.4,,,,,"=IF(ISNUMBER(F470), ABS(D470-F470)/D470, """")","=IF(ISNUMBER(H470), ABS(D470-H470)/D470, """")","=IF(AND(ISNUMBER(F470), ISNUMBER(H470)), ABS(F470-H470)/F470, """")","=AVERAGE(D470, IFERROR(F470, D470), IFERROR(H470, D470))"
AU000000AEE7,AURA ENERGY LTD,AUD,0.115,,,,,"=IF(ISNUMBER(F471), ABS(D471-F471)/D471, """")","=IF(ISNUMBER(H471), ABS(D471-H471)/D471, """")","=IF(AND(ISNUMBER(F471), ISNUMBER(H471)), ABS(F471-H471)/F471, """")","=AVERAGE(D471, IFERROR(F471, D471), IFERROR(H471, D471))"
MX01AL0C0004,ALPEK SAB,MXN,12.44,,,,,"=IF(ISNUMBER(F472), ABS(D472-F472)/D472, """")","=IF(ISNUMBER(H472), ABS(D472-H472)/D472, """")","=IF(AND(ISNUMBER(F472), ISNUMBER(H472)), ABS(F472-H472)/F472, """")","=AVERAGE(D472, IFERROR(F472, D472), IFERROR(H472, D472))"
VN000000GMD0,GEMADEPT CORP,VND,72300.0,,,,,"=IF(ISNUMBER(F473), ABS(D473-F473)/D473, """")","=IF(ISNUMBER(H473), ABS(D473-H473)/D473, """")","=IF(AND(ISNUMBER(F473), ISNUMBER(H473)), ABS(F473-H473)/F473, """")","=AVERAGE(D473, IFERROR(F473, D473), IFERROR(H473, D473))"
QA000PK2KD10,MEEZA QSTP LLC,QAR,3.39,,,,,"=IF(ISNUMBER(F474), ABS(D474-F474)/D474, """")","=IF(ISNUMBER(H474), ABS(D474-H474)/D474, """")","=IF(AND(ISNUMBER(F474), ISNUMBER(H474)), ABS(F474-H474)/F474, """")","=AVERAGE(D474, IFERROR(F474, D474), IFERROR(H474, D474))"
ZAE000259479,PEPKOR HOLDINGS,ZAR,27.0,,,,,"=IF(ISNUMBER(F475), ABS(D475-F475)/D475, """")","=IF(ISNUMBER(H475), ABS(D475-H475)/D475, """")","=IF(AND(ISNUMBER(F475), ISNUMBER(H475)), ABS(F475-H475)/F475, """")","=AVERAGE(D475, IFERROR(F475, D475), IFERROR(H475, D475))"
US05961W1053,BANCO MACRO SA ADR,USD,57.43,,,,,"=IF(ISNUMBER(F476), ABS(D476-F476)/D476, """")","=IF(ISNUMBER(H476), ABS(D476-H476)/D476, """")","=IF(AND(ISNUMBER(F476), ISNUMBER(H476)), ABS(F476-H476)/F476, """")","=AVERAGE(D476, IFERROR(F476, D476), IFERROR(H476, D476))"
CY0107600716,PURCARI WINERIES,RON,20.9,,,,,"=IF(ISNUMBER(F477), ABS(D477-F477)/D477, """")","=IF(ISNUMBER(H477), ABS(D477-H477)/D477, """")","=IF(AND(ISNUMBER(F477), ISNUMBER(H477)), ABS(F477-H477)/F477, """")","=AVERAGE(D477, IFERROR(F477, D477), IFERROR(H477, D477))"
CNE100007DD8,SHANGHAI BIREN TEC,CNY,18.3,,,,,"=IF(ISNUMBER(F478), ABS(D478-F478)/D478, """")","=IF(ISNUMBER(H478), ABS(D478-H478)/D478, """")","=IF(AND(ISNUMBER(F478), ISNUMBER(H478)), ABS(F478-H478)/F478, """")","=AVERAGE(D478, IFERROR(F478, D478), IFERROR(H478, D478))"
CNE100007DZ1,BUSY MING GROUP CO,HKD,236.6,,,,,"=IF(ISNUMBER(F479), ABS(D479-F479)/D479, """")","=IF(ISNUMBER(H479), ABS(D479-H479)/D479, """")","=IF(AND(ISNUMBER(F479), ISNUMBER(H479)), ABS(F479-H479)/F479, """")","=AVERAGE(D479, IFERROR(F479, D479), IFERROR(H479, D479))"
CNE100007JX3,SIGENERGY TECH CO,CNY,287.428894,,,,,"=IF(ISNUMBER(F480), ABS(D480-F480)/D480, """")","=IF(ISNUMBER(H480), ABS(D480-H480)/D480, """")","=IF(AND(ISNUMBER(F480), ISNUMBER(H480)), ABS(F480-H480)/F480, """")","=AVERAGE(D480, IFERROR(F480, D480), IFERROR(H480, D480))"
KR7042520007,HANS BIOMED CORPOR,KRW,23250.0,,,,,"=IF(ISNUMBER(F481), ABS(D481-F481)/D481, """")","=IF(ISNUMBER(H481), ABS(D481-H481)/D481, """")","=IF(AND(ISNUMBER(F481), ISNUMBER(H481)), ABS(F481-H481)/F481, """")","=AVERAGE(D481, IFERROR(F481, D481), IFERROR(H481, D481))"
ID1000095003,BANK MANDIRI (PERS,IDR,4080.0,,,,,"=IF(ISNUMBER(F482), ABS(D482-F482)/D482, """")","=IF(ISNUMBER(H482), ABS(D482-H482)/D482, """")","=IF(AND(ISNUMBER(F482), ISNUMBER(H482)), ABS(F482-H482)/F482, """")","=AVERAGE(D482, IFERROR(F482, D482), IFERROR(H482, D482))"
AEA007301012,ADNOC DRILLING CO,AED,4.0,,,,,"=IF(ISNUMBER(F483), ABS(D483-F483)/D483, """")","=IF(ISNUMBER(H483), ABS(D483-H483)/D483, """")","=IF(AND(ISNUMBER(F483), ISNUMBER(H483)), ABS(F483-H483)/F483, """")","=AVERAGE(D483, IFERROR(F483, D483), IFERROR(H483, D483))"
KYG020141019,AK MEDICAL HLDGS L,HKD,5.85,,,,,"=IF(ISNUMBER(F484), ABS(D484-F484)/D484, """")","=IF(ISNUMBER(H484), ABS(D484-H484)/D484, """")","=IF(AND(ISNUMBER(F484), ISNUMBER(H484)), ABS(F484-H484)/F484, """")","=AVERAGE(D484, IFERROR(F484, D484), IFERROR(H484, D484))"
COTK7PA00028,GRUPO CIBEST SA PRF,COP,62000.0,,,,,"=IF(ISNUMBER(F485), ABS(D485-F485)/D485, """")","=IF(ISNUMBER(H485), ABS(D485-H485)/D485, """")","=IF(AND(ISNUMBER(F485), ISNUMBER(H485)), ABS(F485-H485)/F485, """")","=AVERAGE(D485, IFERROR(F485, D485), IFERROR(H485, D485))"
COTK7PA00010,GRUPO CIBEST SA CFD GOLDM,USD,20.743773,,,,,"=IF(ISNUMBER(F486), ABS(D486-F486)/D486, """")","=IF(ISNUMBER(H486), ABS(D486-H486)/D486, """")","=IF(AND(ISNUMBER(F486), ISNUMBER(H486)), ABS(F486-H486)/F486, """")","=AVERAGE(D486, IFERROR(F486, D486), IFERROR(H486, D486))"
AEE01710A255,ALEC HOLDINGS PJSC,AED,1.47,,,,,"=IF(ISNUMBER(F487), ABS(D487-F487)/D487, """")","=IF(ISNUMBER(H487), ABS(D487-H487)/D487, """")","=IF(AND(ISNUMBER(F487), ISNUMBER(H487)), ABS(F487-H487)/F487, """")","=AVERAGE(D487, IFERROR(F487, D487), IFERROR(H487, D487))"
DE000HAG0005,HENSOLDT AG CFD HSBC,EUR,87.78,,,,,"=IF(ISNUMBER(F488), ABS(D488-F488)/D488, """")","=IF(ISNUMBER(H488), ABS(D488-H488)/D488, """")","=IF(AND(ISNUMBER(F488), ISNUMBER(H488)), ABS(F488-H488)/F488, """")","=AVERAGE(D488, IFERROR(F488, D488), IFERROR(H488, D488))"
INE466L01038,360 ONE WAM LTD,INR,1183.2,,,,,"=IF(ISNUMBER(F489), ABS(D489-F489)/D489, """")","=IF(ISNUMBER(H489), ABS(D489-H489)/D489, """")","=IF(AND(ISNUMBER(F489), ISNUMBER(H489)), ABS(F489-H489)/F489, """")","=AVERAGE(D489, IFERROR(F489, D489), IFERROR(H489, D489))"
CNE100001T72,YANGTZE OPTICAL FI,HKD,38.38,,,,,"=IF(ISNUMBER(F490), ABS(D490-F490)/D490, """")","=IF(ISNUMBER(H490), ABS(D490-H490)/D490, """")","=IF(AND(ISNUMBER(F490), ISNUMBER(H490)), ABS(F490-H490)/F490, """")","=AVERAGE(D490, IFERROR(F490, D490), IFERROR(H490, D490))"
US48241A1051,KB FINANCIAL ADR CFD GOLD,USD,58.76,,,,,"=IF(ISNUMBER(F491), ABS(D491-F491)/D491, """")","=IF(ISNUMBER(H491), ABS(D491-H491)/D491, """")","=IF(AND(ISNUMBER(F491), ISNUMBER(H491)), ABS(F491-H491)/F491, """")","=AVERAGE(D491, IFERROR(F491, D491), IFERROR(H491, D491))"
LU2791994721,AUNA S A,USD,4.8,,,,,"=IF(ISNUMBER(F492), ABS(D492-F492)/D492, """")","=IF(ISNUMBER(H492), ABS(D492-H492)/D492, """")","=IF(AND(ISNUMBER(F492), ISNUMBER(H492)), ABS(F492-H492)/F492, """")","=AVERAGE(D492, IFERROR(F492, D492), IFERROR(H492, D492))"
CA01921D2041,ALLIED GOLD CORP,USD,31.41,,,,,"=IF(ISNUMBER(F493), ABS(D493-F493)/D493, """")","=IF(ISNUMBER(H493), ABS(D493-H493)/D493, """")","=IF(AND(ISNUMBER(F493), ISNUMBER(H493)), ABS(F493-H493)/F493, """")","=AVERAGE(D493, IFERROR(F493, D493), IFERROR(H493, D493))"
Z208B2665,CAPITAL TANKERS CORP,NOK,134.0,,,,,"=IF(ISNUMBER(F494), ABS(D494-F494)/D494, """")","=IF(ISNUMBER(H494), ABS(D494-H494)/D494, """")","=IF(AND(ISNUMBER(F494), ISNUMBER(H494)), ABS(F494-H494)/F494, """")","=AVERAGE(D494, IFERROR(F494, D494), IFERROR(H494, D494))"
SA1660HI1GH4,NICE ONE BEAUTY DI,SAR,54.3,,,,,"=IF(ISNUMBER(F495), ABS(D495-F495)/D495, """")","=IF(ISNUMBER(H495), ABS(D495-H495)/D495, """")","=IF(AND(ISNUMBER(F495), ISNUMBER(H495)), ABS(F495-H495)/F495, """")","=AVERAGE(D495, IFERROR(F495, D495), IFERROR(H495, D495))"
MHY1096C1093,CAPITAL TANKERS CO,NOK,132.04,,,,,"=IF(ISNUMBER(F496), ABS(D496-F496)/D496, """")","=IF(ISNUMBER(H496), ABS(D496-H496)/D496, """")","=IF(AND(ISNUMBER(F496), ISNUMBER(H496)), ABS(F496-H496)/F496, """")","=AVERAGE(D496, IFERROR(F496, D496), IFERROR(H496, D496))"
SA15GG53GHH3,ELM CO CFD GOLDMAN,USD,175.263228,,,,,"=IF(ISNUMBER(F497), ABS(D497-F497)/D497, """")","=IF(ISNUMBER(H497), ABS(D497-H497)/D497, """")","=IF(AND(ISNUMBER(F497), ISNUMBER(H497)), ABS(F497-H497)/F497, """")","=AVERAGE(D497, IFERROR(F497, D497), IFERROR(H497, D497))"
PHY7318T1017,ROBINSONS RETAIL H,PHP,48.2,,,PSE:ROBINSONS,"=INDEX(GOOGLEFINANCE(""PSE:ROBINSONS"", ""close"", DATE(2026,5,31)), 2, 2)","=IF(ISNUMBER(F498), ABS(D498-F498)/D498, """")","=IF(ISNUMBER(H498), ABS(D498-H498)/D498, """")","=IF(AND(ISNUMBER(F498), ISNUMBER(H498)), ABS(F498-H498)/F498, """")","=AVERAGE(D498, IFERROR(F498, D498), IFERROR(H498, D498))"
GRS533003000,OPTIMA BANK S.A.,EUR,12.74,,,,,"=IF(ISNUMBER(F499), ABS(D499-F499)/D499, """")","=IF(ISNUMBER(H499), ABS(D499-H499)/D499, """")","=IF(AND(ISNUMBER(F499), ISNUMBER(H499)), ABS(F499-H499)/F499, """")","=AVERAGE(D499, IFERROR(F499, D499), IFERROR(H499, D499))"
GG00BMG42V42,SUPER GROUP (SGHC),USD,5.99,,,,,"=IF(ISNUMBER(F500), ABS(D500-F500)/D500, """")","=IF(ISNUMBER(H500), ABS(D500-H500)/D500, """")","=IF(AND(ISNUMBER(F500), ISNUMBER(H500)), ABS(F500-H500)/F500, """")","=AVERAGE(D500, IFERROR(F500, D500), IFERROR(H500, D500))"
BRSMFTACNOR1,SMARTFIT ESCOLA SA,BRL,20.81,,,,,"=IF(ISNUMBER(F501), ABS(D501-F501)/D501, """")","=IF(ISNUMBER(H501), ABS(D501-H501)/D501, """")","=IF(AND(ISNUMBER(F501), ISNUMBER(H501)), ABS(F501-H501)/F501, """")","=AVERAGE(D501, IFERROR(F501, D501), IFERROR(H501, D501))"
SA15DGH1VOH4,NAYIFAT FINANCE CO,SAR,34.008487,,,,,"=IF(ISNUMBER(F502), ABS(D502-F502)/D502, """")","=IF(ISNUMBER(H502), ABS(D502-H502)/D502, """")","=IF(AND(ISNUMBER(F502), ISNUMBER(H502)), ABS(F502-H502)/F502, """")","=AVERAGE(D502, IFERROR(F502, D502), IFERROR(H502, D502))"
QA000A0M6MD5,AL KHALIJ COMMERCIAL CFD ,USD,0.68511,,,,,"=IF(ISNUMBER(F503), ABS(D503-F503)/D503, """")","=IF(ISNUMBER(H503), ABS(D503-H503)/D503, """")","=IF(AND(ISNUMBER(F503), ISNUMBER(H503)), ABS(F503-H503)/F503, """")","=AVERAGE(D503, IFERROR(F503, D503), IFERROR(H503, D503))"
SGXE54866863,AZTECH GLOBAL LTD,SGD,0.905,,,,,"=IF(ISNUMBER(F504), ABS(D504-F504)/D504, """")","=IF(ISNUMBER(H504), ABS(D504-H504)/D504, """")","=IF(AND(ISNUMBER(F504), ISNUMBER(H504)), ABS(F504-H504)/F504, """")","=AVERAGE(D504, IFERROR(F504, D504), IFERROR(H504, D504))"
ID1000130305,INDUSTRI JAMU & FA,IDR,940.0,,,,,"=IF(ISNUMBER(F505), ABS(D505-F505)/D505, """")","=IF(ISNUMBER(H505), ABS(D505-H505)/D505, """")","=IF(AND(ISNUMBER(F505), ISNUMBER(H505)), ABS(F505-H505)/F505, """")","=AVERAGE(D505, IFERROR(F505, D505), IFERROR(H505, D505))"
KYG4701H1092,IHS HOLDING LIMITED,USD,13.02,,,,,"=IF(ISNUMBER(F506), ABS(D506-F506)/D506, """")","=IF(ISNUMBER(H506), ABS(D506-H506)/D506, """")","=IF(AND(ISNUMBER(F506), ISNUMBER(H506)), ABS(F506-H506)/F506, """")","=AVERAGE(D506, IFERROR(F506, D506), IFERROR(H506, D506))"
SA1210540914,BUPA ARABIA FOR COOP CFD ,USD,34.688549,,,,,"=IF(ISNUMBER(F507), ABS(D507-F507)/D507, """")","=IF(ISNUMBER(H507), ABS(D507-H507)/D507, """")","=IF(AND(ISNUMBER(F507), ISNUMBER(H507)), ABS(F507-H507)/F507, """")","=AVERAGE(D507, IFERROR(F507, D507), IFERROR(H507, D507))"
SA1330R2TQ16,SAUDI AIRLINES CATER CFD ,USD,21.925034,,,,,"=IF(ISNUMBER(F508), ABS(D508-F508)/D508, """")","=IF(ISNUMBER(H508), ABS(D508-H508)/D508, """")","=IF(AND(ISNUMBER(F508), ISNUMBER(H508)), ABS(F508-H508)/F508, """")","=AVERAGE(D508, IFERROR(F508, D508), IFERROR(H508, D508))"
RO52R88LRB29,OMV PETROM CFD RTS CFD HS,EUR,0.006678,,,,,"=IF(ISNUMBER(F509), ABS(D509-F509)/D509, """")","=IF(ISNUMBER(H509), ABS(D509-H509)/D509, """")","=IF(AND(ISNUMBER(F509), ISNUMBER(H509)), ABS(F509-H509)/F509, """")","=AVERAGE(D509, IFERROR(F509, D509), IFERROR(H509, D509))"
AED000201015,DUBAI ISLAM GS SWAP,USD,1.127144,,,,,"=IF(ISNUMBER(F510), ABS(D510-F510)/D510, """")","=IF(ISNUMBER(H510), ABS(D510-H510)/D510, """")","=IF(AND(ISNUMBER(F510), ISNUMBER(H510)), ABS(F510-H510)/F510, """")","=AVERAGE(D510, IFERROR(F510, D510), IFERROR(H510, D510))"
GRS419003009,OPAP SA CFD GOLDMAN,EUR,13.82,,,,,"=IF(ISNUMBER(F511), ABS(D511-F511)/D511, """")","=IF(ISNUMBER(H511), ABS(D511-H511)/D511, """")","=IF(AND(ISNUMBER(F511), ISNUMBER(H511)), ABS(F511-H511)/F511, """")","=AVERAGE(D511, IFERROR(F511, D511), IFERROR(H511, D511))"
EGS75011C014,MM GROUP INDUSTRIA,EGP,2.66,,,,,"=IF(ISNUMBER(F512), ABS(D512-F512)/D512, """")","=IF(ISNUMBER(H512), ABS(D512-H512)/D512, """")","=IF(AND(ISNUMBER(F512), ISNUMBER(H512)), ABS(F512-H512)/F512, """")","=AVERAGE(D512, IFERROR(F512, D512), IFERROR(H512, D512))"
ID1000164205,PT DAYAMITRA TELEK,IDR,645.0,,,,,"=IF(ISNUMBER(F513), ABS(D513-F513)/D513, """")","=IF(ISNUMBER(H513), ABS(D513-H513)/D513, """")","=IF(AND(ISNUMBER(F513), ISNUMBER(H513)), ABS(F513-H513)/F513, """")","=AVERAGE(D513, IFERROR(F513, D513), IFERROR(H513, D513))"
PLLPP0000011,LPP SA,PLN,8005.0,,,WSE:LPP,"=INDEX(GOOGLEFINANCE(""WSE:LPP"", ""close"", DATE(2026,5,31)), 2, 2)","=IF(ISNUMBER(F514), ABS(D514-F514)/D514, """")","=IF(ISNUMBER(H514), ABS(D514-H514)/D514, """")","=IF(AND(ISNUMBER(F514), ISNUMBER(H514)), ABS(F514-H514)/F514, """")","=AVERAGE(D514, IFERROR(F514, D514), IFERROR(H514, D514))"
JP3758110005,BEENOS INC CFD HSBC,USD,16.838092,,,,,"=IF(ISNUMBER(F515), ABS(D515-F515)/D515, """")","=IF(ISNUMBER(H515), ABS(D515-H515)/D515, """")","=IF(AND(ISNUMBER(F515), ISNUMBER(H515)), ABS(F515-H515)/F515, """")","=AVERAGE(D515, IFERROR(F515, D515), IFERROR(H515, D515))"
GG00B3Z62522,DORIC NIMROD AIR T PRF,GBP,1.2,,,,,"=IF(ISNUMBER(F516), ABS(D516-F516)/D516, """")","=IF(ISNUMBER(H516), ABS(D516-H516)/D516, """")","=IF(AND(ISNUMBER(F516), ISNUMBER(H516)), ABS(F516-H516)/F516, """")","=AVERAGE(D516, IFERROR(F516, D516), IFERROR(H516, D516))"
GB00B7FC0762,NMC HEALTH PLC,GBP,1e-06,,,,,"=IF(ISNUMBER(F517), ABS(D517-F517)/D517, """")","=IF(ISNUMBER(H517), ABS(D517-H517)/D517, """")","=IF(AND(ISNUMBER(F517), ISNUMBER(H517)), ABS(F517-H517)/F517, """")","=AVERAGE(D517, IFERROR(F517, D517), IFERROR(H517, D517))"
VN000000VJC7,VIETJET AVIATION JSC CFD ,USD,4.909004,,,,,"=IF(ISNUMBER(F518), ABS(D518-F518)/D518, """")","=IF(ISNUMBER(H518), ABS(D518-H518)/D518, """")","=IF(AND(ISNUMBER(F518), ISNUMBER(H518)), ABS(F518-H518)/F518, """")","=AVERAGE(D518, IFERROR(F518, D518), IFERROR(H518, D518))"
ID1000164700,CISARUA MOUNTAIN D,IDR,4340.0,,,,,"=IF(ISNUMBER(F519), ABS(D519-F519)/D519, """")","=IF(ISNUMBER(H519), ABS(D519-H519)/D519, """")","=IF(AND(ISNUMBER(F519), ISNUMBER(H519)), ABS(F519-H519)/F519, """")","=AVERAGE(D519, IFERROR(F519, D519), IFERROR(H519, D519))"
EGS60121C018,COMMERCIAL INT BANK CFD H,USD,1.341615,,,,,"=IF(ISNUMBER(F520), ABS(D520-F520)/D520, """")","=IF(ISNUMBER(H520), ABS(D520-H520)/D520, """")","=IF(AND(ISNUMBER(F520), ISNUMBER(H520)), ABS(F520-H520)/F520, """")","=AVERAGE(D520, IFERROR(F520, D520), IFERROR(H520, D520))"
SA55SG6H5716,ADES HOLDING COMPA,SAR,19.78,,,,,"=IF(ISNUMBER(F521), ABS(D521-F521)/D521, """")","=IF(ISNUMBER(H521), ABS(D521-H521)/D521, """")","=IF(AND(ISNUMBER(F521), ISNUMBER(H521)), ABS(F521-H521)/F521, """")","=AVERAGE(D521, IFERROR(F521, D521), IFERROR(H521, D521))"
CY0200222111,SUNRISE MEZZ PLC,EUR,0.0885,,,,,"=IF(ISNUMBER(F522), ABS(D522-F522)/D522, """")","=IF(ISNUMBER(H522), ABS(D522-H522)/D522, """")","=IF(AND(ISNUMBER(F522), ISNUMBER(H522)), ABS(F522-H522)/F522, """")","=AVERAGE(D522, IFERROR(F522, D522), IFERROR(H522, D522))"
ID1000142904,BANK SYARIAH INDON,IDR,2540.0,,,,,"=IF(ISNUMBER(F523), ABS(D523-F523)/D523, """")","=IF(ISNUMBER(H523), ABS(D523-H523)/D523, """")","=IF(AND(ISNUMBER(F523), ISNUMBER(H523)), ABS(F523-H523)/F523, """")","=AVERAGE(D523, IFERROR(F523, D523), IFERROR(H523, D523))"
SA000A0KFKK0,SAHARA INTERNATIONAL CFD ,USD,9.780929,,,,,"=IF(ISNUMBER(F524), ABS(D524-F524)/D524, """")","=IF(ISNUMBER(H524), ABS(D524-H524)/D524, """")","=IF(AND(ISNUMBER(F524), ISNUMBER(H524)), ABS(F524-H524)/F524, """")","=AVERAGE(D524, IFERROR(F524, D524), IFERROR(H524, D524))"
GRS282183003,JUMBO SA,EUR,27.0,,,,,"=IF(ISNUMBER(F525), ABS(D525-F525)/D525, """")","=IF(ISNUMBER(H525), ABS(D525-H525)/D525, """")","=IF(AND(ISNUMBER(F525), ISNUMBER(H525)), ABS(F525-H525)/F525, """")","=AVERAGE(D525, IFERROR(F525, D525), IFERROR(H525, D525))"
INE0JO301016,YATHARTH HOSP TRAUMA CFD ,USD,4.876864,,,,,"=IF(ISNUMBER(F526), ABS(D526-F526)/D526, """")","=IF(ISNUMBER(H526), ABS(D526-H526)/D526, """")","=IF(AND(ISNUMBER(F526), ISNUMBER(H526)), ABS(F526-H526)/F526, """")","=AVERAGE(D526, IFERROR(F526, D526), IFERROR(H526, D526))"
PLBZ00000044,SANTANDER BANK POL,PLN,466.2,,,WSE:SANTANDER,"=INDEX(GOOGLEFINANCE(""WSE:SANTANDER"", ""close"", DATE(2026,5,31)), 2, 2)","=IF(ISNUMBER(F527), ABS(D527-F527)/D527, """")","=IF(ISNUMBER(H527), ABS(D527-H527)/D527, """")","=IF(AND(ISNUMBER(F527), ISNUMBER(H527)), ABS(F527-H527)/F527, """")","=AVERAGE(D527, IFERROR(F527, D527), IFERROR(H527, D527))"
SA15T1L22JH8,SAL SAUDI LOGISTIC,SAR,106.0,,,TADAWUL:1831,"=INDEX(GOOGLEFINANCE(""TADAWUL:1831"", ""close"", DATE(2026,5,31)), 2, 2)","=IF(ISNUMBER(F528), ABS(D528-F528)/D528, """")","=IF(ISNUMBER(H528), ABS(D528-H528)/D528, """")","=IF(AND(ISNUMBER(F528), ISNUMBER(H528)), ABS(F528-H528)/F528, """")","=AVERAGE(D528, IFERROR(F528, D528), IFERROR(H528, D528))"
SA160G51UO10,MIDDLE EAST PHARMA,SAR,138.4,,,,,"=IF(ISNUMBER(F529), ABS(D529-F529)/D529, """")","=IF(ISNUMBER(H529), ABS(D529-H529)/D529, """")","=IF(AND(ISNUMBER(F529), ISNUMBER(H529)), ABS(F529-H529)/F529, """")","=AVERAGE(D529, IFERROR(F529, D529), IFERROR(H529, D529))"
SA14K0Q0SJ16,LEEJAM SPORTS CO JSC CFD ,USD,27.992535,,,,,"=IF(ISNUMBER(F530), ABS(D530-F530)/D530, """")","=IF(ISNUMBER(H530), ABS(D530-H530)/D530, """")","=IF(AND(ISNUMBER(F530), ISNUMBER(H530)), ABS(F530-H530)/F530, """")","=AVERAGE(D530, IFERROR(F530, D530), IFERROR(H530, D530))"
MHY7542C1306,SCORPIO TANKERS INC,USD,41.23,,,,,"=IF(ISNUMBER(F531), ABS(D531-F531)/D531, """")","=IF(ISNUMBER(H531), ABS(D531-H531)/D531, """")","=IF(AND(ISNUMBER(F531), ISNUMBER(H531)), ABS(F531-H531)/F531, """")","=AVERAGE(D531, IFERROR(F531, D531), IFERROR(H531, D531))"
AEE01377S248,SPINNEYS 1961 HOLD,AED,1.58,,,DFM:SPINNEYS,"=INDEX(GOOGLEFINANCE(""DFM:SPINNEYS"", ""close"", DATE(2026,5,31)), 2, 2)","=IF(ISNUMBER(F532), ABS(D532-F532)/D532, """")","=IF(ISNUMBER(H532), ABS(D532-H532)/D532, """")","=IF(AND(ISNUMBER(F532), ISNUMBER(H532)), ABS(F532-H532)/F532, """")","=AVERAGE(D532, IFERROR(F532, D532), IFERROR(H532, D532))"
SA162GLI0NH7,AL TAISEER GROUP T,SAR,43.0,,,,,"=IF(ISNUMBER(F533), ABS(D533-F533)/D533, """")","=IF(ISNUMBER(H533), ABS(D533-H533)/D533, """")","=IF(AND(ISNUMBER(F533), ISNUMBER(H533)), ABS(F533-H533)/F533, """")","=AVERAGE(D533, IFERROR(F533, D533), IFERROR(H533, D533))"
SA000A0ETHT1,ALMARAI CO,SAR,55.0,,,,,"=IF(ISNUMBER(F534), ABS(D534-F534)/D534, """")","=IF(ISNUMBER(H534), ABS(D534-H534)/D534, """")","=IF(AND(ISNUMBER(F534), ISNUMBER(H534)), ABS(F534-H534)/F534, """")","=AVERAGE(D534, IFERROR(F534, D534), IFERROR(H534, D534))"
MX01BA1D0003,INDS BACHOCO SAB,MXN,80.93,,,,,"=IF(ISNUMBER(F535), ABS(D535-F535)/D535, """")","=IF(ISNUMBER(H535), ABS(D535-H535)/D535, """")","=IF(AND(ISNUMBER(F535), ISNUMBER(H535)), ABS(F535-H535)/F535, """")","=AVERAGE(D535, IFERROR(F535, D535), IFERROR(H535, D535))"
SA000A0BLA62,JARIR MARKETING CFD GOLDM,USD,3.663414,,,,,"=IF(ISNUMBER(F536), ABS(D536-F536)/D536, """")","=IF(ISNUMBER(H536), ABS(D536-H536)/D536, """")","=IF(AND(ISNUMBER(F536), ISNUMBER(H536)), ABS(F536-H536)/F536, """")","=AVERAGE(D536, IFERROR(F536, D536), IFERROR(H536, D536))"
GG00BMWCCD46,DORIC NIMROD AIR T,GBP,1.43,,,,,"=IF(ISNUMBER(F537), ABS(D537-F537)/D537, """")","=IF(ISNUMBER(H537), ABS(D537-H537)/D537, """")","=IF(AND(ISNUMBER(F537), ISNUMBER(H537)), ABS(F537-H537)/F537, """")","=AVERAGE(D537, IFERROR(F537, D537), IFERROR(H537, D537))"
MA0000012585,AKDITAL,MAD,1105.0,,,,,"=IF(ISNUMBER(F538), ABS(D538-F538)/D538, """")","=IF(ISNUMBER(H538), ABS(D538-H538)/D538, """")","=IF(AND(ISNUMBER(F538), ISNUMBER(H538)), ABS(F538-H538)/F538, """")","=AVERAGE(D538, IFERROR(F538, D538), IFERROR(H538, D538))"
KR7017860008,DS DANSUK CO LTD,KRW,89000.0,,,,,"=IF(ISNUMBER(F539), ABS(D539-F539)/D539, """")","=IF(ISNUMBER(H539), ABS(D539-H539)/D539, """")","=IF(AND(ISNUMBER(F539), ISNUMBER(H539)), ABS(F539-H539)/F539, """")","=AVERAGE(D539, IFERROR(F539, D539), IFERROR(H539, D539))"
THB056010010,I-TAIL CORPORATION,THB,22.4,,,,,"=IF(ISNUMBER(F540), ABS(D540-F540)/D540, """")","=IF(ISNUMBER(H540), ABS(D540-H540)/D540, """")","=IF(AND(ISNUMBER(F540), ISNUMBER(H540)), ABS(F540-H540)/F540, """")","=AVERAGE(D540, IFERROR(F540, D540), IFERROR(H540, D540))"
MXP370841019,GPO MEXICO SA,MXN,72.77,,,,,"=IF(ISNUMBER(F541), ABS(D541-F541)/D541, """")","=IF(ISNUMBER(H541), ABS(D541-H541)/D541, """")","=IF(AND(ISNUMBER(F541), ISNUMBER(H541)), ABS(F541-H541)/F541, """")","=AVERAGE(D541, IFERROR(F541, D541), IFERROR(H541, D541))"
QA0007227752,COMM BK OF QATAR,QAR,5.78,,,,,"=IF(ISNUMBER(F542), ABS(D542-F542)/D542, """")","=IF(ISNUMBER(H542), ABS(D542-H542)/D542, """")","=IF(AND(ISNUMBER(F542), ISNUMBER(H542)), ABS(F542-H542)/F542, """")","=AVERAGE(D542, IFERROR(F542, D542), IFERROR(H542, D542))"
AEE01195A234,ADNOC GAS PLC CFD GOLDMAN,USD,0.982861,,,ADX:ADNOCGAS,"=INDEX(GOOGLEFINANCE(""ADX:ADNOCGAS"", ""close"", DATE(2026,5,31)), 2, 2)","=IF(ISNUMBER(F543), ABS(D543-F543)/D543, """")","=IF(ISNUMBER(H543), ABS(D543-H543)/D543, """")","=IF(AND(ISNUMBER(F543), ISNUMBER(H543)), ABS(F543-H543)/F543, """")","=AVERAGE(D543, IFERROR(F543, D543), IFERROR(H543, D543))"
AEE000701012,EMIRATE INTEGRATED,AED,10.3,,,,,"=IF(ISNUMBER(F544), ABS(D544-F544)/D544, """")","=IF(ISNUMBER(H544), ABS(D544-H544)/D544, """")","=IF(AND(ISNUMBER(F544), ISNUMBER(H544)), ABS(F544-H544)/F544, """")","=AVERAGE(D544, IFERROR(F544, D544), IFERROR(H544, D544))"
RO249YW1FZP5,ELECTRO-ALFA INTL,RON,8.85,,,,,"=IF(ISNUMBER(F545), ABS(D545-F545)/D545, """")","=IF(ISNUMBER(H545), ABS(D545-H545)/D545, """")","=IF(AND(ISNUMBER(F545), ISNUMBER(H545)), ABS(F545-H545)/F545, """")","=AVERAGE(D545, IFERROR(F545, D545), IFERROR(H545, D545))"
CNE100006XS6,JIANGSU HENGRUI PH,HKD,44.05,,,,,"=IF(ISNUMBER(F546), ABS(D546-F546)/D546, """")","=IF(ISNUMBER(H546), ABS(D546-H546)/D546, """")","=IF(AND(ISNUMBER(F546), ISNUMBER(H546)), ABS(F546-H546)/F546, """")","=AVERAGE(D546, IFERROR(F546, D546), IFERROR(H546, D546))"
CNE100007HC1,DELTON TECHNOLOGY,HKD,71.88,,,,,"=IF(ISNUMBER(F547), ABS(D547-F547)/D547, """")","=IF(ISNUMBER(H547), ABS(D547-H547)/D547, """")","=IF(AND(ISNUMBER(F547), ISNUMBER(H547)), ABS(F547-H547)/F547, """")","=AVERAGE(D547, IFERROR(F547, D547), IFERROR(H547, D547))"
TH6838010010,STAR PETROLEUM PLC,THB,6.85,,,,,"=IF(ISNUMBER(F548), ABS(D548-F548)/D548, """")","=IF(ISNUMBER(H548), ABS(D548-H548)/D548, """")","=IF(AND(ISNUMBER(F548), ISNUMBER(H548)), ABS(F548-H548)/F548, """")","=AVERAGE(D548, IFERROR(F548, D548), IFERROR(H548, D548))"
CNE100007KJ0,HUAQIN CO LTD,HKD,78.483604,,,,,"=IF(ISNUMBER(F549), ABS(D549-F549)/D549, """")","=IF(ISNUMBER(H549), ABS(D549-H549)/D549, """")","=IF(AND(ISNUMBER(F549), ISNUMBER(H549)), ABS(F549-H549)/F549, """")","=AVERAGE(D549, IFERROR(F549, D549), IFERROR(H549, D549))"
PHY6028G1361,METRO BANK & TRUST,PHP,63.5,,,PSE:METRO,"=INDEX(GOOGLEFINANCE(""PSE:METRO"", ""close"", DATE(2026,5,31)), 2, 2)","=IF(ISNUMBER(F550), ABS(D550-F550)/D550, """")","=IF(ISNUMBER(H550), ABS(D550-H550)/D550, """")","=IF(AND(ISNUMBER(F550), ISNUMBER(H550)), ABS(F550-H550)/F550, """")","=AVERAGE(D550, IFERROR(F550, D550), IFERROR(H550, D550))"
ID1000144108,MAP AKTIF ADIPERKA,IDR,640.0,,,,,"=IF(ISNUMBER(F551), ABS(D551-F551)/D551, """")","=IF(ISNUMBER(H551), ABS(D551-H551)/D551, """")","=IF(AND(ISNUMBER(F551), ISNUMBER(H551)), ABS(F551-H551)/F551, """")","=AVERAGE(D551, IFERROR(F551, D551), IFERROR(H551, D551))"
US63253R2013,KAZATOMPROM JSC NA GDR,USD,72.3,,,,,"=IF(ISNUMBER(F552), ABS(D552-F552)/D552, """")","=IF(ISNUMBER(H552), ABS(D552-H552)/D552, """")","=IF(AND(ISNUMBER(F552), ISNUMBER(H552)), ABS(F552-H552)/F552, """")","=AVERAGE(D552, IFERROR(F552, D552), IFERROR(H552, D552))"
US44975P1030,NOVABRIDGE BIOSCIENC ADR,USD,1.84,,,,,"=IF(ISNUMBER(F553), ABS(D553-F553)/D553, """")","=IF(ISNUMBER(H553), ABS(D553-H553)/D553, """")","=IF(AND(ISNUMBER(F553), ISNUMBER(H553)), ABS(F553-H553)/F553, """")","=AVERAGE(D553, IFERROR(F553, D553), IFERROR(H553, D553))"
SA16D0820P10,GAS ARABIAN SERVIC,SAR,14.7,,,,,"=IF(ISNUMBER(F554), ABS(D554-F554)/D554, """")","=IF(ISNUMBER(H554), ABS(D554-H554)/D554, """")","=IF(AND(ISNUMBER(F554), ISNUMBER(H554)), ABS(F554-H554)/F554, """")","=AVERAGE(D554, IFERROR(F554, D554), IFERROR(H554, D554))"
INE622W01025,ACME SOLAR HOLDING,INR,253.7,,,,,"=IF(ISNUMBER(F555), ABS(D555-F555)/D555, """")","=IF(ISNUMBER(H555), ABS(D555-H555)/D555, """")","=IF(AND(ISNUMBER(F555), ISNUMBER(H555)), ABS(F555-H555)/F555, """")","=AVERAGE(D555, IFERROR(F555, D555), IFERROR(H555, D555))"
GRS015003007,ALPHA SVCS & HLDGS,EUR,2.99,,,,,"=IF(ISNUMBER(F556), ABS(D556-F556)/D556, """")","=IF(ISNUMBER(H556), ABS(D556-H556)/D556, """")","=IF(AND(ISNUMBER(F556), ISNUMBER(H556)), ABS(F556-H556)/F556, """")","=AVERAGE(D556, IFERROR(F556, D556), IFERROR(H556, D556))"
VN000000TCX2,TECHCOM SECURITIES,VND,46900.0,,,,,"=IF(ISNUMBER(F557), ABS(D557-F557)/D557, """")","=IF(ISNUMBER(H557), ABS(D557-H557)/D557, """")","=IF(AND(ISNUMBER(F557), ISNUMBER(H557)), ABS(F557-H557)/F557, """")","=AVERAGE(D557, IFERROR(F557, D557), IFERROR(H557, D557))"
KYG4790P1037,INSILICO MEDICINE,HKD,24.05,,,,,"=IF(ISNUMBER(F558), ABS(D558-F558)/D558, """")","=IF(ISNUMBER(H558), ABS(D558-H558)/D558, """")","=IF(AND(ISNUMBER(F558), ISNUMBER(H558)), ABS(F558-H558)/F558, """")","=AVERAGE(D558, IFERROR(F558, D558), IFERROR(H558, D558))"
MA0000011462,RISMA,MAD,351.05,,,,,"=IF(ISNUMBER(F559), ABS(D559-F559)/D559, """")","=IF(ISNUMBER(H559), ABS(D559-H559)/D559, """")","=IF(AND(ISNUMBER(F559), ISNUMBER(H559)), ABS(F559-H559)/F559, """")","=AVERAGE(D559, IFERROR(F559, D559), IFERROR(H559, D559))"
SA169G7I3IH8,UMM AL QURA FOR DE,SAR,16.5,,,,,"=IF(ISNUMBER(F560), ABS(D560-F560)/D560, """")","=IF(ISNUMBER(H560), ABS(D560-H560)/D560, """")","=IF(AND(ISNUMBER(F560), ISNUMBER(H560)), ABS(F560-H560)/F560, """")","=AVERAGE(D560, IFERROR(F560, D560), IFERROR(H560, D560))"
AEE01354I230,INVESTCORP CAP PLC,AED,2.3,,,,,"=IF(ISNUMBER(F561), ABS(D561-F561)/D561, """")","=IF(ISNUMBER(H561), ABS(D561-H561)/D561, """")","=IF(AND(ISNUMBER(F561), ISNUMBER(H561)), ABS(F561-H561)/F561, """")","=AVERAGE(D561, IFERROR(F561, D561), IFERROR(H561, D561))"
QA000A0M8VM3,MASRAF AL RAYAN CFD GOLDM,USD,0.601483,,,,,"=IF(ISNUMBER(F562), ABS(D562-F562)/D562, """")","=IF(ISNUMBER(H562), ABS(D562-H562)/D562, """")","=IF(AND(ISNUMBER(F562), ISNUMBER(H562)), ABS(F562-H562)/F562, """")","=AVERAGE(D562, IFERROR(F562, D562), IFERROR(H562, D562))"
SA12U0RHUHH8,UNITED ELECTRON CO,SAR,78.8,,,,,"=IF(ISNUMBER(F563), ABS(D563-F563)/D563, """")","=IF(ISNUMBER(H563), ABS(D563-H563)/D563, """")","=IF(AND(ISNUMBER(F563), ISNUMBER(H563)), ABS(F563-H563)/F563, """")","=AVERAGE(D563, IFERROR(F563, D563), IFERROR(H563, D563))"
BH0006000044,ALUMINIUM BAHRAIN,BHD,0.89,,,,,"=IF(ISNUMBER(F564), ABS(D564-F564)/D564, """")","=IF(ISNUMBER(H564), ABS(D564-H564)/D564, """")","=IF(AND(ISNUMBER(F564), ISNUMBER(H564)), ABS(F564-H564)/F564, """")","=AVERAGE(D564, IFERROR(F564, D564), IFERROR(H564, D564))"
KR7443060009,HD HYUNDAI MARINE,KRW,224000.0,,,,,"=IF(ISNUMBER(F565), ABS(D565-F565)/D565, """")","=IF(ISNUMBER(H565), ABS(D565-H565)/D565, """")","=IF(AND(ISNUMBER(F565), ISNUMBER(H565)), ABS(F565-H565)/F565, """")","=AVERAGE(D565, IFERROR(F565, D565), IFERROR(H565, D565))"
PLKETY000011,GRUPA KETY SA CFD GOLDMAN,EUR,285.818425,,,WSE:GRUPA,"=INDEX(GOOGLEFINANCE(""WSE:GRUPA"", ""close"", DATE(2026,5,31)), 2, 2)","=IF(ISNUMBER(F566), ABS(D566-F566)/D566, """")","=IF(ISNUMBER(H566), ABS(D566-H566)/D566, """")","=IF(AND(ISNUMBER(F566), ISNUMBER(H566)), ABS(F566-H566)/F566, """")","=AVERAGE(D566, IFERROR(F566, D566), IFERROR(H566, D566))"
SA0007879345,ALUJAIN CORP,SAR,46.25,,,,,"=IF(ISNUMBER(F567), ABS(D567-F567)/D567, """")","=IF(ISNUMBER(H567), ABS(D567-H567)/D567, """")","=IF(AND(ISNUMBER(F567), ISNUMBER(H567)), ABS(F567-H567)/F567, """")","=AVERAGE(D567, IFERROR(F567, D567), IFERROR(H567, D567))"
BMG6904D1083,PARATUS ENERGY,NOK,57.7,,,,,"=IF(ISNUMBER(F568), ABS(D568-F568)/D568, """")","=IF(ISNUMBER(H568), ABS(D568-H568)/D568, """")","=IF(AND(ISNUMBER(F568), ISNUMBER(H568)), ABS(F568-H568)/F568, """")","=AVERAGE(D568, IFERROR(F568, D568), IFERROR(H568, D568))"
PLSTSHL00012,STS HOLDING SA,PLN,24.05,,,WSE:STS,"=INDEX(GOOGLEFINANCE(""WSE:STS"", ""close"", DATE(2026,5,31)), 2, 2)","=IF(ISNUMBER(F569), ABS(D569-F569)/D569, """")","=IF(ISNUMBER(H569), ABS(D569-H569)/D569, """")","=IF(AND(ISNUMBER(F569), ISNUMBER(H569)), ABS(F569-H569)/F569, """")","=AVERAGE(D569, IFERROR(F569, D569), IFERROR(H569, D569))"
AU0000454811,LOTUS RESOURCES,AUD,2.22,,,,,"=IF(ISNUMBER(F570), ABS(D570-F570)/D570, """")","=IF(ISNUMBER(H570), ABS(D570-H570)/D570, """")","=IF(AND(ISNUMBER(F570), ISNUMBER(H570)), ABS(F570-H570)/F570, """")","=AVERAGE(D570, IFERROR(F570, D570), IFERROR(H570, D570))"
INE285B01017,SPICEJET LTD,INR,14.31,,,,,"=IF(ISNUMBER(F571), ABS(D571-F571)/D571, """")","=IF(ISNUMBER(H571), ABS(D571-H571)/D571, """")","=IF(AND(ISNUMBER(F571), ISNUMBER(H571)), ABS(F571-H571)/F571, """")","=AVERAGE(D571, IFERROR(F571, D571), IFERROR(H571, D571))"
KW0EQ0610166,ACTION ENERGY COMP,KWD,0.266,,,,,"=IF(ISNUMBER(F572), ABS(D572-F572)/D572, """")","=IF(ISNUMBER(H572), ABS(D572-H572)/D572, """")","=IF(AND(ISNUMBER(F572), ISNUMBER(H572)), ABS(F572-H572)/F572, """")","=AVERAGE(D572, IFERROR(F572, D572), IFERROR(H572, D572))"
LU2237380790,ALLEGRO.EU,PLN,27.0,,,,,"=IF(ISNUMBER(F573), ABS(D573-F573)/D573, """")","=IF(ISNUMBER(H573), ABS(D573-H573)/D573, """")","=IF(AND(ISNUMBER(F573), ISNUMBER(H573)), ABS(F573-H573)/F573, """")","=AVERAGE(D573, IFERROR(F573, D573), IFERROR(H573, D573))"
TH0612010015,BETAGRO PCL,THB,27.5,,,,,"=IF(ISNUMBER(F574), ABS(D574-F574)/D574, """")","=IF(ISNUMBER(H574), ABS(D574-H574)/D574, """")","=IF(AND(ISNUMBER(F574), ISNUMBER(H574)), ABS(F574-H574)/F574, """")","=AVERAGE(D574, IFERROR(F574, D574), IFERROR(H574, D574))"
CA21922J6043,CORNERSTONE CAPITAL,CAD,3.9,,,,,"=IF(ISNUMBER(F575), ABS(D575-F575)/D575, """")","=IF(ISNUMBER(H575), ABS(D575-H575)/D575, """")","=IF(AND(ISNUMBER(F575), ISNUMBER(H575)), ABS(F575-H575)/F575, """")","=AVERAGE(D575, IFERROR(F575, D575), IFERROR(H575, D575))"
VN000000PNJ6,PHUNHUAN JEWELRY,VND,65800.0,,,,,"=IF(ISNUMBER(F576), ABS(D576-F576)/D576, """")","=IF(ISNUMBER(H576), ABS(D576-H576)/D576, """")","=IF(AND(ISNUMBER(F576), ISNUMBER(H576)), ABS(F576-H576)/F576, """")","=AVERAGE(D576, IFERROR(F576, D576), IFERROR(H576, D576))"
BMG7997W1029,SEADRILL 2021 LTD COM,USD,27.54,,,,,"=IF(ISNUMBER(F577), ABS(D577-F577)/D577, """")","=IF(ISNUMBER(H577), ABS(D577-H577)/D577, """")","=IF(AND(ISNUMBER(F577), ISNUMBER(H577)), ABS(F577-H577)/F577, """")","=AVERAGE(D577, IFERROR(F577, D577), IFERROR(H577, D577))"
NL0015000AU7,PEPCO GROUP NV,PLN,33.59,,,,,"=IF(ISNUMBER(F578), ABS(D578-F578)/D578, """")","=IF(ISNUMBER(H578), ABS(D578-H578)/D578, """")","=IF(AND(ISNUMBER(F578), ISNUMBER(H578)), ABS(F578-H578)/F578, """")","=AVERAGE(D578, IFERROR(F578, D578), IFERROR(H578, D578))"
GRS001003052,CREDIABANK S.A,EUR,1.298,,,,,"=IF(ISNUMBER(F579), ABS(D579-F579)/D579, """")","=IF(ISNUMBER(H579), ABS(D579-H579)/D579, """")","=IF(AND(ISNUMBER(F579), ISNUMBER(H579)), ABS(F579-H579)/F579, """")","=AVERAGE(D579, IFERROR(F579, D579), IFERROR(H579, D579))"
US46429B6065,ISHARES MSCI POLAND CFD G,USD,40.51,,,,,"=IF(ISNUMBER(F580), ABS(D580-F580)/D580, """")","=IF(ISNUMBER(H580), ABS(D580-H580)/D580, """")","=IF(AND(ISNUMBER(F580), ISNUMBER(H580)), ABS(F580-H580)/F580, """")","=AVERAGE(D580, IFERROR(F580, D580), IFERROR(H580, D580))"
GRS829003003,EUROBANK S.A.,EUR,3.991,,,,,"=IF(ISNUMBER(F581), ABS(D581-F581)/D581, """")","=IF(ISNUMBER(H581), ABS(D581-H581)/D581, """")","=IF(AND(ISNUMBER(F581), ISNUMBER(H581)), ABS(F581-H581)/F581, """")","=AVERAGE(D581, IFERROR(F581, D581), IFERROR(H581, D581))"
NL0015073TS8,CSG N.V.,EUR,17.976,,,,,"=IF(ISNUMBER(F582), ABS(D582-F582)/D582, """")","=IF(ISNUMBER(H582), ABS(D582-H582)/D582, """")","=IF(AND(ISNUMBER(F582), ISNUMBER(H582)), ABS(F582-H582)/F582, """")","=AVERAGE(D582, IFERROR(F582, D582), IFERROR(H582, D582))"
CNE100006Z79,ZHEJIANG SANHUA IN,HKD,22.53,,,,,"=IF(ISNUMBER(F583), ABS(D583-F583)/D583, """")","=IF(ISNUMBER(H583), ABS(D583-H583)/D583, """")","=IF(AND(ISNUMBER(F583), ISNUMBER(H583)), ABS(F583-H583)/F583, """")","=AVERAGE(D583, IFERROR(F583, D583), IFERROR(H583, D583))"
AEN000101016,FIRST ABU DHABI BK,AED,16.5,,,ADX:FAB,"=INDEX(GOOGLEFINANCE(""ADX:FAB"", ""close"", DATE(2026,5,31)), 2, 2)","=IF(ISNUMBER(F584), ABS(D584-F584)/D584, """")","=IF(ISNUMBER(H584), ABS(D584-H584)/D584, """")","=IF(AND(ISNUMBER(F584), ISNUMBER(H584)), ABS(F584-H584)/F584, """")","=AVERAGE(D584, IFERROR(F584, D584), IFERROR(H584, D584))"
AEF000901015,FERTIGLOBE PLC,AED,3.35,,,ADX:FERTIGLOBE,"=INDEX(GOOGLEFINANCE(""ADX:FERTIGLOBE"", ""close"", DATE(2026,5,31)), 2, 2)","=IF(ISNUMBER(F585), ABS(D585-F585)/D585, """")","=IF(ISNUMBER(H585), ABS(D585-H585)/D585, """")","=IF(AND(ISNUMBER(F585), ISNUMBER(H585)), ABS(F585-H585)/F585, """")","=AVERAGE(D585, IFERROR(F585, D585), IFERROR(H585, D585))"
PAL1801171A1,INRETAIL PERU CORP,USD,29.7,,,,,"=IF(ISNUMBER(F586), ABS(D586-F586)/D586, """")","=IF(ISNUMBER(H586), ABS(D586-H586)/D586, """")","=IF(AND(ISNUMBER(F586), ISNUMBER(H586)), ABS(F586-H586)/F586, """")","=AVERAGE(D586, IFERROR(F586, D586), IFERROR(H586, D586))"
PH0000058638,OCEANAGOLD (PHILLI,PHP,35.05,,,,,"=IF(ISNUMBER(F587), ABS(D587-F587)/D587, """")","=IF(ISNUMBER(H587), ABS(D587-H587)/D587, """")","=IF(AND(ISNUMBER(F587), ISNUMBER(H587)), ABS(F587-H587)/F587, """")","=AVERAGE(D587, IFERROR(F587, D587), IFERROR(H587, D587))"
TH0689010Z18,KRUNGTHAI CARD,THB,30.0,,,,,"=IF(ISNUMBER(F588), ABS(D588-F588)/D588, """")","=IF(ISNUMBER(H588), ABS(D588-H588)/D588, """")","=IF(AND(ISNUMBER(F588), ISNUMBER(H588)), ABS(F588-H588)/F588, """")","=AVERAGE(D588, IFERROR(F588, D588), IFERROR(H588, D588))"
US40054J1097,GRUPO AEROMEXICO SAB ADR,USD,16.96,,,,,"=IF(ISNUMBER(F589), ABS(D589-F589)/D589, """")","=IF(ISNUMBER(H589), ABS(D589-H589)/D589, """")","=IF(AND(ISNUMBER(F589), ISNUMBER(H589)), ABS(F589-H589)/F589, """")","=AVERAGE(D589, IFERROR(F589, D589), IFERROR(H589, D589))"
FDGSCBIHKT,GSCBIHKT CFD GOLDMAN,HKD,87.89,,,,,"=IF(ISNUMBER(F590), ABS(D590-F590)/D590, """")","=IF(ISNUMBER(H590), ABS(D590-H590)/D590, """")","=IF(AND(ISNUMBER(F590), ISNUMBER(H590)), ABS(F590-H590)/F590, """")","=AVERAGE(D590, IFERROR(F590, D590), IFERROR(H590, D590))"
Z9E17287A,Skyline Builders Cla,USD,5000.0,,,,,"=IF(ISNUMBER(F591), ABS(D591-F591)/D591, """")","=IF(ISNUMBER(H591), ABS(D591-H591)/D591, """")","=IF(AND(ISNUMBER(F591), ISNUMBER(H591)), ABS(F591-H591)/F591, """")","=AVERAGE(D591, IFERROR(F591, D591), IFERROR(H591, D591))"
VN000000VPB6,VIETNAM PROSPERITY,VND,21000.0,,,,,"=IF(ISNUMBER(F592), ABS(D592-F592)/D592, """")","=IF(ISNUMBER(H592), ABS(D592-H592)/D592, """")","=IF(AND(ISNUMBER(F592), ISNUMBER(H592)), ABS(F592-H592)/F592, """")","=AVERAGE(D592, IFERROR(F592, D592), IFERROR(H592, D592))"
PLPEKAO00016,BANK PEKAO,PLN,190.4,,,WSE:BANK,"=INDEX(GOOGLEFINANCE(""WSE:BANK"", ""close"", DATE(2026,5,31)), 2, 2)","=IF(ISNUMBER(F593), ABS(D593-F593)/D593, """")","=IF(ISNUMBER(H593), ABS(D593-H593)/D593, """")","=IF(AND(ISNUMBER(F593), ISNUMBER(H593)), ABS(F593-H593)/F593, """")","=AVERAGE(D593, IFERROR(F593, D593), IFERROR(H593, D593))"
QA0006929895,QATAR NATIONAL BANK CFD G,USD,5.234826,,,,,"=IF(ISNUMBER(F594), ABS(D594-F594)/D594, """")","=IF(ISNUMBER(H594), ABS(D594-H594)/D594, """")","=IF(AND(ISNUMBER(F594), ISNUMBER(H594)), ABS(F594-H594)/F594, """")","=AVERAGE(D594, IFERROR(F594, D594), IFERROR(H594, D594))"
AEE01268A239,ADNOC LOGISTICS CFD HSBC,USD,1.481078,,,ADX:ADNOCLS,"=INDEX(GOOGLEFINANCE(""ADX:ADNOCLS"", ""close"", DATE(2026,5,31)), 2, 2)","=IF(ISNUMBER(F595), ABS(D595-F595)/D595, """")","=IF(ISNUMBER(H595), ABS(D595-H595)/D595, """")","=IF(AND(ISNUMBER(F595), ISNUMBER(H595)), ABS(F595-H595)/F595, """")","=AVERAGE(D595, IFERROR(F595, D595), IFERROR(H595, D595))"
KYG983381099,YATRA ONLINE INC,USD,1.54,,,,,"=IF(ISNUMBER(F596), ABS(D596-F596)/D596, """")","=IF(ISNUMBER(H596), ABS(D596-H596)/D596, """")","=IF(AND(ISNUMBER(F596), ISNUMBER(H596)), ABS(F596-H596)/F596, """")","=AVERAGE(D596, IFERROR(F596, D596), IFERROR(H596, D596))"
MXCFFU000001,TRUST FIBRA UNO CFD GOLDM,USD,1.770037,,,,,"=IF(ISNUMBER(F597), ABS(D597-F597)/D597, """")","=IF(ISNUMBER(H597), ABS(D597-H597)/D597, """")","=IF(AND(ISNUMBER(F597), ISNUMBER(H597)), ABS(F597-H597)/F597, """")","=AVERAGE(D597, IFERROR(F597, D597), IFERROR(H597, D597))"
GRS323003012,EUROBK ERGASIAS SV,EUR,3.57234,,,,,"=IF(ISNUMBER(F598), ABS(D598-F598)/D598, """")","=IF(ISNUMBER(H598), ABS(D598-H598)/D598, """")","=IF(AND(ISNUMBER(F598), ISNUMBER(H598)), ABS(F598-H598)/F598, """")","=AVERAGE(D598, IFERROR(F598, D598), IFERROR(H598, D598))"
SA16AH822K19,FLYNAS COMPANY,SAR,80.0,,,,,"=IF(ISNUMBER(F599), ABS(D599-F599)/D599, """")","=IF(ISNUMBER(H599), ABS(D599-H599)/D599, """")","=IF(AND(ISNUMBER(F599), ISNUMBER(H599)), ABS(F599-H599)/F599, """")","=AVERAGE(D599, IFERROR(F599, D599), IFERROR(H599, D599))"
ROTLVAACNOR1,BCA TRANSILVANIA,RON,32.3,,,,,"=IF(ISNUMBER(F600), ABS(D600-F600)/D600, """")","=IF(ISNUMBER(H600), ABS(D600-H600)/D600, """")","=IF(AND(ISNUMBER(F600), ISNUMBER(H600)), ABS(F600-H600)/F600, """")","=AVERAGE(D600, IFERROR(F600, D600), IFERROR(H600, D600))"
INE0JR601024,YATRA ONLINE CFD GOLDMAN,USD,1.686736,,,,,"=IF(ISNUMBER(F601), ABS(D601-F601)/D601, """")","=IF(ISNUMBER(H601), ABS(D601-H601)/D601, """")","=IF(AND(ISNUMBER(F601), ISNUMBER(H601)), ABS(F601-H601)/F601, """")","=AVERAGE(D601, IFERROR(F601, D601), IFERROR(H601, D601))"
SA15SH122J13,LUMI RENTAL CO,SAR,61.9,,,,,"=IF(ISNUMBER(F602), ABS(D602-F602)/D602, """")","=IF(ISNUMBER(H602), ABS(D602-H602)/D602, """")","=IF(AND(ISNUMBER(F602), ISNUMBER(H602)), ABS(F602-H602)/F602, """")","=AVERAGE(D602, IFERROR(F602, D602), IFERROR(H602, D602))"
SA1690P13NH3,ENTAJ,SAR,65.0,,,,,"=IF(ISNUMBER(F603), ABS(D603-F603)/D603, """")","=IF(ISNUMBER(H603), ABS(D603-H603)/D603, """")","=IF(AND(ISNUMBER(F603), ISNUMBER(H603)), ABS(F603-H603)/F603, """")","=AVERAGE(D603, IFERROR(F603, D603), IFERROR(H603, D603))"
BMG730931091,VENTURA OFFSHORE H,NOK,24.6,,,,,"=IF(ISNUMBER(F604), ABS(D604-F604)/D604, """")","=IF(ISNUMBER(H604), ABS(D604-H604)/D604, """")","=IF(AND(ISNUMBER(F604), ISNUMBER(H604)), ABS(F604-H604)/F604, """")","=AVERAGE(D604, IFERROR(F604, D604), IFERROR(H604, D604))"
SA165GP0SLH5,TAMKEEN HUMAN RE,SAR,10.0,,,,,"=IF(ISNUMBER(F605), ABS(D605-F605)/D605, """")","=IF(ISNUMBER(H605), ABS(D605-H605)/D605, """")","=IF(AND(ISNUMBER(F605), ISNUMBER(H605)), ABS(F605-H605)/F605, """")","=AVERAGE(D605, IFERROR(F605, D605), IFERROR(H605, D605))"
GB00BF4HYT85,BANK OF GEORGIA GROU CFD ,GBP,46.85,,,,,"=IF(ISNUMBER(F606), ABS(D606-F606)/D606, """")","=IF(ISNUMBER(H606), ABS(D606-H606)/D606, """")","=IF(AND(ISNUMBER(F606), ISNUMBER(H606)), ABS(F606-H606)/F606, """")","=AVERAGE(D606, IFERROR(F606, D606), IFERROR(H606, D606))"
AEE01198A238,AL ANSARI FINANCIA,AED,0.978,,,,,"=IF(ISNUMBER(F607), ABS(D607-F607)/D607, """")","=IF(ISNUMBER(H607), ABS(D607-H607)/D607, """")","=IF(AND(ISNUMBER(F607), ISNUMBER(H607)), ABS(F607-H607)/F607, """")","=AVERAGE(D607, IFERROR(F607, D607), IFERROR(H607, D607))"
SA16502H3N15,FOURTH MILLING CO.,SAR,5.3,,,,,"=IF(ISNUMBER(F608), ABS(D608-F608)/D608, """")","=IF(ISNUMBER(H608), ABS(D608-H608)/D608, """")","=IF(AND(ISNUMBER(F608), ISNUMBER(H608)), ABS(F608-H608)/F608, """")","=AVERAGE(D608, IFERROR(F608, D608), IFERROR(H608, D608))"
PHY0927M1046,BLOOMBERRY RESORTS,PHP,2.7,,,PSE:BLOOMBERRY,"=INDEX(GOOGLEFINANCE(""PSE:BLOOMBERRY"", ""close"", DATE(2026,5,31)), 2, 2)","=IF(ISNUMBER(F609), ABS(D609-F609)/D609, """")","=IF(ISNUMBER(H609), ABS(D609-H609)/D609, """")","=IF(AND(ISNUMBER(F609), ISNUMBER(H609)), ABS(F609-H609)/F609, """")","=AVERAGE(D609, IFERROR(F609, D609), IFERROR(H609, D609))"
AEE01110S227,SALIK COMPANY P.J.,AED,2.0,,,DFM:SALIK,"=INDEX(GOOGLEFINANCE(""DFM:SALIK"", ""close"", DATE(2026,5,31)), 2, 2)","=IF(ISNUMBER(F610), ABS(D610-F610)/D610, """")","=IF(ISNUMBER(H610), ABS(D610-H610)/D610, """")","=IF(AND(ISNUMBER(F610), ISNUMBER(H610)), ABS(F610-H610)/F610, """")","=AVERAGE(D610, IFERROR(F610, D610), IFERROR(H610, D610))"
US98422D1054,XPENG INC - ADR CFD GOLDM,USD,25.35,,,,,"=IF(ISNUMBER(F611), ABS(D611-F611)/D611, """")","=IF(ISNUMBER(H611), ABS(D611-H611)/D611, """")","=IF(AND(ISNUMBER(F611), ISNUMBER(H611)), ABS(F611-H611)/F611, """")","=AVERAGE(D611, IFERROR(F611, D611), IFERROR(H611, D611))"
US21240E1055,CONTROLADORA VUELA ADR,USD,6.6,,,,,"=IF(ISNUMBER(F612), ABS(D612-F612)/D612, """")","=IF(ISNUMBER(H612), ABS(D612-H612)/D612, """")","=IF(AND(ISNUMBER(F612), ISNUMBER(H612)), ABS(F612-H612)/F612, """")","=AVERAGE(D612, IFERROR(F612, D612), IFERROR(H612, D612))"
SA128G53E019,ETIHAD ATHEEB TELE,SAR,89.9,,,,,"=IF(ISNUMBER(F613), ABS(D613-F613)/D613, """")","=IF(ISNUMBER(H613), ABS(D613-H613)/D613, """")","=IF(AND(ISNUMBER(F613), ISNUMBER(H613)), ABS(F613-H613)/F613, """")","=AVERAGE(D613, IFERROR(F613, D613), IFERROR(H613, D613))"
KYG236271055,SHELF DRILLING LTD	,NOK,29.65,,,,,"=IF(ISNUMBER(F614), ABS(D614-F614)/D614, """")","=IF(ISNUMBER(H614), ABS(D614-H614)/D614, """")","=IF(AND(ISNUMBER(F614), ISNUMBER(H614)), ABS(F614-H614)/F614, """")","=AVERAGE(D614, IFERROR(F614, D614), IFERROR(H614, D614))"
US88642R1095,TIDEWATER INC,USD,50.44,,,,,"=IF(ISNUMBER(F615), ABS(D615-F615)/D615, """")","=IF(ISNUMBER(H615), ABS(D615-H615)/D615, """")","=IF(AND(ISNUMBER(F615), ISNUMBER(H615)), ABS(F615-H615)/F615, """")","=AVERAGE(D615, IFERROR(F615, D615), IFERROR(H615, D615))"
SA15HG50KL10,ALMASANE ALKOBRA M,SAR,86.3,,,,,"=IF(ISNUMBER(F616), ABS(D616-F616)/D616, """")","=IF(ISNUMBER(H616), ABS(D616-H616)/D616, """")","=IF(AND(ISNUMBER(F616), ISNUMBER(H616)), ABS(F616-H616)/F616, """")","=AVERAGE(D616, IFERROR(F616, D616), IFERROR(H616, D616))"
KR7105560007,KB FINANCIAL GROUP,KRW,106700.0,,,,,"=IF(ISNUMBER(F617), ABS(D617-F617)/D617, """")","=IF(ISNUMBER(H617), ABS(D617-H617)/D617, """")","=IF(AND(ISNUMBER(F617), ISNUMBER(H617)), ABS(F617-H617)/F617, """")","=AVERAGE(D617, IFERROR(F617, D617), IFERROR(H617, D617))"
BREGIEACNOR9,ENGIE BRASIL ENERGIA CFD ,USD,7.416371,,,,,"=IF(ISNUMBER(F618), ABS(D618-F618)/D618, """")","=IF(ISNUMBER(H618), ABS(D618-H618)/D618, """")","=IF(AND(ISNUMBER(F618), ISNUMBER(H618)), ABS(F618-H618)/F618, """")","=AVERAGE(D618, IFERROR(F618, D618), IFERROR(H618, D618))"
CNE100007DS6,SUZHOU RIBO LIFE S,HKD,57.97,,,,,"=IF(ISNUMBER(F619), ABS(D619-F619)/D619, """")","=IF(ISNUMBER(H619), ABS(D619-H619)/D619, """")","=IF(AND(ISNUMBER(F619), ISNUMBER(H619)), ABS(F619-H619)/F619, """")","=AVERAGE(D619, IFERROR(F619, D619), IFERROR(H619, D619))"
SA124060V8H1,METHANOL CHEMICALS C CFD ,USD,2.239642,,,,,"=IF(ISNUMBER(F620), ABS(D620-F620)/D620, """")","=IF(ISNUMBER(H620), ABS(D620-H620)/D620, """")","=IF(AND(ISNUMBER(F620), ISNUMBER(H620)), ABS(F620-H620)/F620, """")","=AVERAGE(D620, IFERROR(F620, D620), IFERROR(H620, D620))"
SA000A0MWH44,UNITED INTL TRANSP,SAR,33.78,,,,,"=IF(ISNUMBER(F621), ABS(D621-F621)/D621, """")","=IF(ISNUMBER(H621), ABS(D621-H621)/D621, """")","=IF(AND(ISNUMBER(F621), ISNUMBER(H621)), ABS(F621-H621)/F621, """")","=AVERAGE(D621, IFERROR(F621, D621), IFERROR(H621, D621))"
VN000000NLG1,NAM LONG INVESTMEN,VND,26400.0,,,,,"=IF(ISNUMBER(F622), ABS(D622-F622)/D622, """")","=IF(ISNUMBER(H622), ABS(D622-H622)/D622, """")","=IF(AND(ISNUMBER(F622), ISNUMBER(H622)), ABS(F622-H622)/F622, """")","=AVERAGE(D622, IFERROR(F622, D622), IFERROR(H622, D622))"
ROSNPPACNOR9,SNP PETROM,RON,1.052,,,,,"=IF(ISNUMBER(F623), ABS(D623-F623)/D623, """")","=IF(ISNUMBER(H623), ABS(D623-H623)/D623, """")","=IF(AND(ISNUMBER(F623), ISNUMBER(H623)), ABS(F623-H623)/F623, """")","=AVERAGE(D623, IFERROR(F623, D623), IFERROR(H623, D623))"
DE000HLAG475,HAPAG-LLOYD AG CFD GOLDMA,EUR,110.6,,,,,"=IF(ISNUMBER(F624), ABS(D624-F624)/D624, """")","=IF(ISNUMBER(H624), ABS(D624-H624)/D624, """")","=IF(AND(ISNUMBER(F624), ISNUMBER(H624)), ABS(F624-H624)/F624, """")","=AVERAGE(D624, IFERROR(F624, D624), IFERROR(H624, D624))"
VGG0896C1032,BBB FOODS INC,USD,37.82,,,,,"=IF(ISNUMBER(F625), ABS(D625-F625)/D625, """")","=IF(ISNUMBER(H625), ABS(D625-H625)/D625, """")","=IF(AND(ISNUMBER(F625), ISNUMBER(H625)), ABS(F625-H625)/F625, """")","=AVERAGE(D625, IFERROR(F625, D625), IFERROR(H625, D625))"
PLBNFTS00018,BENEFIT SYSTEMS SA,PLN,4410.0,,,WSE:BFT,"=INDEX(GOOGLEFINANCE(""WSE:BFT"", ""close"", DATE(2026,5,31)), 2, 2)","=IF(ISNUMBER(F626), ABS(D626-F626)/D626, """")","=IF(ISNUMBER(H626), ABS(D626-H626)/D626, """")","=IF(AND(ISNUMBER(F626), ISNUMBER(H626)), ABS(F626-H626)/F626, """")","=AVERAGE(D626, IFERROR(F626, D626), IFERROR(H626, D626))"
VN000000VCK5,VPS SECURITIES JSC,VND,33000.0,,,,,"=IF(ISNUMBER(F627), ABS(D627-F627)/D627, """")","=IF(ISNUMBER(H627), ABS(D627-H627)/D627, """")","=IF(AND(ISNUMBER(F627), ISNUMBER(H627)), ABS(F627-H627)/F627, """")","=AVERAGE(D627, IFERROR(F627, D627), IFERROR(H627, D627))"
CNE100007JY1,VICTORY GIANT TECH,HKD,426.0,,,,,"=IF(ISNUMBER(F628), ABS(D628-F628)/D628, """")","=IF(ISNUMBER(H628), ABS(D628-H628)/D628, """")","=IF(AND(ISNUMBER(F628), ISNUMBER(H628)), ABS(F628-H628)/F628, """")","=AVERAGE(D628, IFERROR(F628, D628), IFERROR(H628, D628))"
SA562G3GSL11,SAUDI MANPOWER SOL,SAR,7.5,,,,,"=IF(ISNUMBER(F629), ABS(D629-F629)/D629, """")","=IF(ISNUMBER(H629), ABS(D629-H629)/D629, """")","=IF(AND(ISNUMBER(F629), ISNUMBER(H629)), ABS(F629-H629)/F629, """")","=AVERAGE(D629, IFERROR(F629, D629), IFERROR(H629, D629))"
SA164H113MH2,ARABIAN MILLS CO,SAR,66.0,,,,,"=IF(ISNUMBER(F630), ABS(D630-F630)/D630, """")","=IF(ISNUMBER(H630), ABS(D630-H630)/D630, """")","=IF(AND(ISNUMBER(F630), ISNUMBER(H630)), ABS(F630-H630)/F630, """")","=AVERAGE(D630, IFERROR(F630, D630), IFERROR(H630, D630))"
GB00BYT18307,TBC BANK GROUP PLC CFD HS,GBP,30.3,,,,,"=IF(ISNUMBER(F631), ABS(D631-F631)/D631, """")","=IF(ISNUMBER(H631), ABS(D631-H631)/D631, """")","=IF(AND(ISNUMBER(F631), ISNUMBER(H631)), ABS(F631-H631)/F631, """")","=AVERAGE(D631, IFERROR(F631, D631), IFERROR(H631, D631))"
MA0000012783,SOC GEN TRAV D,MAD,899.7,,,,,"=IF(ISNUMBER(F632), ABS(D632-F632)/D632, """")","=IF(ISNUMBER(H632), ABS(D632-H632)/D632, """")","=IF(AND(ISNUMBER(F632), ISNUMBER(H632)), ABS(F632-H632)/F632, """")","=AVERAGE(D632, IFERROR(F632, D632), IFERROR(H632, D632))"
LU2910446546,ZABKA GROUP SA,PLN,22.15,,,,,"=IF(ISNUMBER(F633), ABS(D633-F633)/D633, """")","=IF(ISNUMBER(H633), ABS(D633-H633)/D633, """")","=IF(AND(ISNUMBER(F633), ISNUMBER(H633)), ABS(F633-H633)/F633, """")","=AVERAGE(D633, IFERROR(F633, D633), IFERROR(H633, D633))"
TH0016010R14,KASIKORNBANK PCL-NVD CFD ,USD,6.032767,,,,,"=IF(ISNUMBER(F634), ABS(D634-F634)/D634, """")","=IF(ISNUMBER(H634), ABS(D634-H634)/D634, """")","=IF(AND(ISNUMBER(F634), ISNUMBER(H634)), ABS(F634-H634)/F634, """")","=AVERAGE(D634, IFERROR(F634, D634), IFERROR(H634, D634))"
KYG9361H1092,DRAGON CAPTL GROUP,GBP,5.96,,,,,"=IF(ISNUMBER(F635), ABS(D635-F635)/D635, """")","=IF(ISNUMBER(H635), ABS(D635-H635)/D635, """")","=IF(AND(ISNUMBER(F635), ISNUMBER(H635)), ABS(F635-H635)/F635, """")","=AVERAGE(D635, IFERROR(F635, D635), IFERROR(H635, D635))"
MXCFFI0U0002,FIBRA MACQUARIE MEXICO,MXN,43.6,,,,,"=IF(ISNUMBER(F636), ABS(D636-F636)/D636, """")","=IF(ISNUMBER(H636), ABS(D636-H636)/D636, """")","=IF(AND(ISNUMBER(F636), ISNUMBER(H636)), ABS(F636-H636)/F636, """")","=AVERAGE(D636, IFERROR(F636, D636), IFERROR(H636, D636))"
DE000A2E4K43,DELIVERY HERO SE,EUR,36.98,,,,,"=IF(ISNUMBER(F637), ABS(D637-F637)/D637, """")","=IF(ISNUMBER(H637), ABS(D637-H637)/D637, """")","=IF(AND(ISNUMBER(F637), ISNUMBER(H637)), ABS(F637-H637)/F637, """")","=AVERAGE(D637, IFERROR(F637, D637), IFERROR(H637, D637))"
SA000A0HNF36,YANBU NATIONAL PETRO CFD ,USD,8.9911,,,,,"=IF(ISNUMBER(F638), ABS(D638-F638)/D638, """")","=IF(ISNUMBER(H638), ABS(D638-H638)/D638, """")","=IF(AND(ISNUMBER(F638), ISNUMBER(H638)), ABS(F638-H638)/F638, """")","=AVERAGE(D638, IFERROR(F638, D638), IFERROR(H638, D638))"
GG00BD95V148,ANDRADA MINING LTD,GBP,0.038,,,,,"=IF(ISNUMBER(F639), ABS(D639-F639)/D639, """")","=IF(ISNUMBER(H639), ABS(D639-H639)/D639, """")","=IF(AND(ISNUMBER(F639), ISNUMBER(H639)), ABS(F639-H639)/F639, """")","=AVERAGE(D639, IFERROR(F639, D639), IFERROR(H639, D639))"
GRS831003009,PIRAEUS BANK SA,EUR,9.15,,,,,"=IF(ISNUMBER(F640), ABS(D640-F640)/D640, """")","=IF(ISNUMBER(H640), ABS(D640-H640)/D640, """")","=IF(AND(ISNUMBER(F640), ISNUMBER(H640)), ABS(F640-H640)/F640, """")","=AVERAGE(D640, IFERROR(F640, D640), IFERROR(H640, D640))"
US0900401060,BILIBILI INC ADR,USD,27.08,,,,,"=IF(ISNUMBER(F641), ABS(D641-F641)/D641, """")","=IF(ISNUMBER(H641), ABS(D641-H641)/D641, """")","=IF(AND(ISNUMBER(F641), ISNUMBER(H641)), ABS(F641-H641)/F641, """")","=AVERAGE(D641, IFERROR(F641, D641), IFERROR(H641, D641))"
CNE1000074L2,GENFLEET THERAPEUT,HKD,20.39,,,,,"=IF(ISNUMBER(F642), ABS(D642-F642)/D642, """")","=IF(ISNUMBER(H642), ABS(D642-H642)/D642, """")","=IF(AND(ISNUMBER(F642), ISNUMBER(H642)), ABS(F642-H642)/F642, """")","=AVERAGE(D642, IFERROR(F642, D642), IFERROR(H642, D642))"
CZ0005112300,CEZ AS CFD HSBC,EUR,53.695666,,,,,"=IF(ISNUMBER(F643), ABS(D643-F643)/D643, """")","=IF(ISNUMBER(H643), ABS(D643-H643)/D643, """")","=IF(AND(ISNUMBER(F643), ISNUMBER(H643)), ABS(F643-H643)/F643, """")","=AVERAGE(D643, IFERROR(F643, D643), IFERROR(H643, D643))"
SA123GA0ITH7,SAUDI ARABIAN MINING CFD ,USD,16.264498,,,,,"=IF(ISNUMBER(F644), ABS(D644-F644)/D644, """")","=IF(ISNUMBER(H644), ABS(D644-H644)/D644, """")","=IF(AND(ISNUMBER(F644), ISNUMBER(H644)), ABS(F644-H644)/F644, """")","=AVERAGE(D644, IFERROR(F644, D644), IFERROR(H644, D644))"
KYG8918W1069,TONGCHENG TRAVEL,HKD,21.76,,,,,"=IF(ISNUMBER(F645), ABS(D645-F645)/D645, """")","=IF(ISNUMBER(H645), ABS(D645-H645)/D645, """")","=IF(AND(ISNUMBER(F645), ISNUMBER(H645)), ABS(F645-H645)/F645, """")","=AVERAGE(D645, IFERROR(F645, D645), IFERROR(H645, D645))"
MA0000012767,CASH PLUS,MAD,321.9,,,,,"=IF(ISNUMBER(F646), ABS(D646-F646)/D646, """")","=IF(ISNUMBER(H646), ABS(D646-H646)/D646, """")","=IF(AND(ISNUMBER(F646), ISNUMBER(H646)), ABS(F646-H646)/F646, """")","=AVERAGE(D646, IFERROR(F646, D646), IFERROR(H646, D646))"
US4642866242,ISHARES MSCI THAILAN CFD ,USD,62.71,,,,,"=IF(ISNUMBER(F647), ABS(D647-F647)/D647, """")","=IF(ISNUMBER(H647), ABS(D647-H647)/D647, """")","=IF(AND(ISNUMBER(F647), ISNUMBER(H647)), ABS(F647-H647)/F647, """")","=AVERAGE(D647, IFERROR(F647, D647), IFERROR(H647, D647))"
KYG6391R1074,NANSHAN ALUMINIUM,HKD,64.15,,,,,"=IF(ISNUMBER(F648), ABS(D648-F648)/D648, """")","=IF(ISNUMBER(H648), ABS(D648-H648)/D648, """")","=IF(AND(ISNUMBER(F648), ISNUMBER(H648)), ABS(F648-H648)/F648, """")","=AVERAGE(D648, IFERROR(F648, D648), IFERROR(H648, D648))"
AU0000058737,LOTUS RESOURCES,AUD,0.82,,,,,"=IF(ISNUMBER(F649), ABS(D649-F649)/D649, """")","=IF(ISNUMBER(H649), ABS(D649-H649)/D649, """")","=IF(AND(ISNUMBER(F649), ISNUMBER(H649)), ABS(F649-H649)/F649, """")","=AVERAGE(D649, IFERROR(F649, D649), IFERROR(H649, D649))"
MX01VE0M0003,VESTA REAL ESTATE CO LCLS,MXN,60.9,,,,,"=IF(ISNUMBER(F650), ABS(D650-F650)/D650, """")","=IF(ISNUMBER(H650), ABS(D650-H650)/D650, """")","=IF(AND(ISNUMBER(F650), ISNUMBER(H650)), ABS(F650-H650)/F650, """")","=AVERAGE(D650, IFERROR(F650, D650), IFERROR(H650, D650))"
SA31RG522S19,KINGDOM HOLDINGS C,SAR,12.35,,,,,"=IF(ISNUMBER(F651), ABS(D651-F651)/D651, """")","=IF(ISNUMBER(H651), ABS(D651-H651)/D651, """")","=IF(AND(ISNUMBER(F651), ISNUMBER(H651)), ABS(F651-H651)/F651, """")","=AVERAGE(D651, IFERROR(F651, D651), IFERROR(H651, D651))"
IE00BD5B1Y92,BANK OF CYPRUS HLD,EUR,9.4,,,,,"=IF(ISNUMBER(F652), ABS(D652-F652)/D652, """")","=IF(ISNUMBER(H652), ABS(D652-H652)/D652, """")","=IF(AND(ISNUMBER(F652), ISNUMBER(H652)), ABS(F652-H652)/F652, """")","=AVERAGE(D652, IFERROR(F652, D652), IFERROR(H652, D652))"
MX01Q0000008,QUALITAS CONTROLADOR CFD ,USD,10.051929,,,,,"=IF(ISNUMBER(F653), ABS(D653-F653)/D653, """")","=IF(ISNUMBER(H653), ABS(D653-H653)/D653, """")","=IF(AND(ISNUMBER(F653), ISNUMBER(H653)), ABS(F653-H653)/F653, """")","=AVERAGE(D653, IFERROR(F653, D653), IFERROR(H653, D653))"
US00218A1051,ASP ISOTOPES INC,USD,5.85,,,,,"=IF(ISNUMBER(F654), ABS(D654-F654)/D654, """")","=IF(ISNUMBER(H654), ABS(D654-H654)/D654, """")","=IF(AND(ISNUMBER(F654), ISNUMBER(H654)), ABS(F654-H654)/F654, """")","=AVERAGE(D654, IFERROR(F654, D654), IFERROR(H654, D654))"
SA0007879105,ARAB NATIONAL BANK CFD GO,USD,8.043681,,,,,"=IF(ISNUMBER(F655), ABS(D655-F655)/D655, """")","=IF(ISNUMBER(H655), ABS(D655-H655)/D655, """")","=IF(AND(ISNUMBER(F655), ISNUMBER(H655)), ABS(F655-H655)/F655, """")","=AVERAGE(D655, IFERROR(F655, D655), IFERROR(H655, D655))"
PHY0040P1094,ALLHOME CORP,PHP,0.63,,,PSE:ALLHOME,"=INDEX(GOOGLEFINANCE(""PSE:ALLHOME"", ""close"", DATE(2026,5,31)), 2, 2)","=IF(ISNUMBER(F656), ABS(D656-F656)/D656, """")","=IF(ISNUMBER(H656), ABS(D656-H656)/D656, """")","=IF(AND(ISNUMBER(F656), ISNUMBER(H656)), ABS(F656-H656)/F656, """")","=AVERAGE(D656, IFERROR(F656, D656), IFERROR(H656, D656))"
BE6360403164,TITAN AMER SA,USD,16.01,,,,,"=IF(ISNUMBER(F657), ABS(D657-F657)/D657, """")","=IF(ISNUMBER(H657), ABS(D657-H657)/D657, """")","=IF(AND(ISNUMBER(F657), ISNUMBER(H657)), ABS(F657-H657)/F657, """")","=AVERAGE(D657, IFERROR(F657, D657), IFERROR(H657, D657))"
SA000A0D9HK3,BANK ALBILAD CFD GOLDMAN,USD,12.717608,,,,,"=IF(ISNUMBER(F658), ABS(D658-F658)/D658, """")","=IF(ISNUMBER(H658), ABS(D658-H658)/D658, """")","=IF(AND(ISNUMBER(F658), ISNUMBER(H658)), ABS(F658-H658)/F658, """")","=AVERAGE(D658, IFERROR(F658, D658), IFERROR(H658, D658))"
AEE000301011,EMAAR PROPERTIES,AED,8.16,,,,,"=IF(ISNUMBER(F659), ABS(D659-F659)/D659, """")","=IF(ISNUMBER(H659), ABS(D659-H659)/D659, """")","=IF(AND(ISNUMBER(F659), ISNUMBER(H659)), ABS(F659-H659)/F659, """")","=AVERAGE(D659, IFERROR(F659, D659), IFERROR(H659, D659))"
SA15DGU21117,ALMUNAJEM FOODS CFD HSBC,USD,19.740605,,,,,"=IF(ISNUMBER(F660), ABS(D660-F660)/D660, """")","=IF(ISNUMBER(H660), ABS(D660-H660)/D660, """")","=IF(AND(ISNUMBER(F660), ISNUMBER(H660)), ABS(F660-H660)/F660, """")","=AVERAGE(D660, IFERROR(F660, D660), IFERROR(H660, D660))"
OM0000009759,OQ EXPLORATION & PRO CFD ,USD,1.0135,,,,,"=IF(ISNUMBER(F661), ABS(D661-F661)/D661, """")","=IF(ISNUMBER(H661), ABS(D661-H661)/D661, """")","=IF(AND(ISNUMBER(F661), ISNUMBER(H661)), ABS(F661-H661)/F661, """")","=AVERAGE(D661, IFERROR(F661, D661), IFERROR(H661, D661))"
ID1000139504,INTEGRA INDOCABINE,IDR,404.0,,,,,"=IF(ISNUMBER(F662), ABS(D662-F662)/D662, """")","=IF(ISNUMBER(H662), ABS(D662-H662)/D662, """")","=IF(AND(ISNUMBER(F662), ISNUMBER(H662)), ABS(F662-H662)/F662, """")","=AVERAGE(D662, IFERROR(F662, D662), IFERROR(H662, D662))"
NL0010558797,OCI N.V.,EUR,29.93,,,,,"=IF(ISNUMBER(F663), ABS(D663-F663)/D663, """")","=IF(ISNUMBER(H663), ABS(D663-H663)/D663, """")","=IF(AND(ISNUMBER(F663), ISNUMBER(H663)), ABS(F663-H663)/F663, """")","=AVERAGE(D663, IFERROR(F663, D663), IFERROR(H663, D663))"
CNE100006PM5,MAO GEPING COSMETI,HKD,29.8,,,,,"=IF(ISNUMBER(F664), ABS(D664-F664)/D664, """")","=IF(ISNUMBER(H664), ABS(D664-H664)/D664, """")","=IF(AND(ISNUMBER(F664), ISNUMBER(H664)), ABS(F664-H664)/F664, """")","=AVERAGE(D664, IFERROR(F664, D664), IFERROR(H664, D664))"
MA0000012718,CMGP GROUP,MAD,266.05,,,,,"=IF(ISNUMBER(F665), ABS(D665-F665)/D665, """")","=IF(ISNUMBER(H665), ABS(D665-H665)/D665, """")","=IF(AND(ISNUMBER(F665), ISNUMBER(H665)), ABS(F665-H665)/F665, """")","=AVERAGE(D665, IFERROR(F665, D665), IFERROR(H665, D665))"
SA15CGS10H12,ACWA POWER CO CFD GOLDMAN,USD,65.591254,,,,,"=IF(ISNUMBER(F666), ABS(D666-F666)/D666, """")","=IF(ISNUMBER(H666), ABS(D666-H666)/D666, """")","=IF(AND(ISNUMBER(F666), ISNUMBER(H666)), ABS(F666-H666)/F666, """")","=AVERAGE(D666, IFERROR(F666, D666), IFERROR(H666, D666))"
PHY1757W1054,CONVERGE INFORMATI,PHP,10.84,,,PSE:CONVERGE,"=INDEX(GOOGLEFINANCE(""PSE:CONVERGE"", ""close"", DATE(2026,5,31)), 2, 2)","=IF(ISNUMBER(F667), ABS(D667-F667)/D667, """")","=IF(ISNUMBER(H667), ABS(D667-H667)/D667, """")","=IF(AND(ISNUMBER(F667), ISNUMBER(H667)), ABS(F667-H667)/F667, """")","=AVERAGE(D667, IFERROR(F667, D667), IFERROR(H667, D667))"
SA000A0LE310,ADVANCED PETROCHEMIC CFD ,USD,12.128159,,,,,"=IF(ISNUMBER(F668), ABS(D668-F668)/D668, """")","=IF(ISNUMBER(H668), ABS(D668-H668)/D668, """")","=IF(AND(ISNUMBER(F668), ISNUMBER(H668)), ABS(F668-H668)/F668, """")","=AVERAGE(D668, IFERROR(F668, D668), IFERROR(H668, D668))"
CNE100003662,CONTEMPORARY AMPEREX CFD ,USD,42.579742,,,,,"=IF(ISNUMBER(F669), ABS(D669-F669)/D669, """")","=IF(ISNUMBER(H669), ABS(D669-H669)/D669, """")","=IF(AND(ISNUMBER(F669), ISNUMBER(H669)), ABS(F669-H669)/F669, """")","=AVERAGE(D669, IFERROR(F669, D669), IFERROR(H669, D669))"
CNE100006T36,MIXUE GROUP,HKD,202.5,,,,,"=IF(ISNUMBER(F670), ABS(D670-F670)/D670, """")","=IF(ISNUMBER(H670), ABS(D670-H670)/D670, """")","=IF(AND(ISNUMBER(F670), ISNUMBER(H670)), ABS(F670-H670)/F670, """")","=AVERAGE(D670, IFERROR(F670, D670), IFERROR(H670, D670))"
US92189F8178,VANECK VIETNAM ETF CFD GO,USD,11.16,,,,,"=IF(ISNUMBER(F671), ABS(D671-F671)/D671, """")","=IF(ISNUMBER(H671), ABS(D671-H671)/D671, """")","=IF(AND(ISNUMBER(F671), ISNUMBER(H671)), ABS(F671-H671)/F671, """")","=AVERAGE(D671, IFERROR(F671, D671), IFERROR(H671, D671))"
VGG0457F1071,ARCOS DORADOS HLDS,USD,7.65,,,,,"=IF(ISNUMBER(F672), ABS(D672-F672)/D672, """")","=IF(ISNUMBER(H672), ABS(D672-H672)/D672, """")","=IF(AND(ISNUMBER(F672), ISNUMBER(H672)), ABS(F672-H672)/F672, """")","=AVERAGE(D672, IFERROR(F672, D672), IFERROR(H672, D672))"
VNMIRSSI2514,SSI SECURITIES CORP CFD H,USD,0.114941,,,,,"=IF(ISNUMBER(F673), ABS(D673-F673)/D673, """")","=IF(ISNUMBER(H673), ABS(D673-H673)/D673, """")","=IF(AND(ISNUMBER(F673), ISNUMBER(H673)), ABS(F673-H673)/F673, """")","=AVERAGE(D673, IFERROR(F673, D673), IFERROR(H673, D673))"
KYG6181S1093,MINIMAX GROUP INC,HKD,165.0,,,,,"=IF(ISNUMBER(F674), ABS(D674-F674)/D674, """")","=IF(ISNUMBER(H674), ABS(D674-H674)/D674, """")","=IF(AND(ISNUMBER(F674), ISNUMBER(H674)), ABS(F674-H674)/F674, """")","=AVERAGE(D674, IFERROR(F674, D674), IFERROR(H674, D674))"
AEE01200P230,PRESIGHT AI HOLDIN,AED,3.61,,,,,"=IF(ISNUMBER(F675), ABS(D675-F675)/D675, """")","=IF(ISNUMBER(H675), ABS(D675-H675)/D675, """")","=IF(AND(ISNUMBER(F675), ISNUMBER(H675)), ABS(F675-H675)/F675, """")","=AVERAGE(D675, IFERROR(F675, D675), IFERROR(H675, D675))"
US46434V4234,ISHRS MSCI SAUDI ARA CFD ,USD,38.17,,,,,"=IF(ISNUMBER(F676), ABS(D676-F676)/D676, """")","=IF(ISNUMBER(H676), ABS(D676-H676)/D676, """")","=IF(AND(ISNUMBER(F676), ISNUMBER(H676)), ABS(F676-H676)/F676, """")","=AVERAGE(D676, IFERROR(F676, D676), IFERROR(H676, D676))"
SA12C051UH11,MOUWASAT MEDICAL S,SAR,70.8,,,,,"=IF(ISNUMBER(F677), ABS(D677-F677)/D677, """")","=IF(ISNUMBER(H677), ABS(D677-H677)/D677, """")","=IF(AND(ISNUMBER(F677), ISNUMBER(H677)), ABS(F677-H677)/F677, """")","=AVERAGE(D677, IFERROR(F677, D677), IFERROR(H677, D677))"
SA16AGP0KLH7,UNITED CARTON IND,SAR,50.0,,,,,"=IF(ISNUMBER(F678), ABS(D678-F678)/D678, """")","=IF(ISNUMBER(H678), ABS(D678-H678)/D678, """")","=IF(AND(ISNUMBER(F678), ISNUMBER(H678)), ABS(F678-H678)/F678, """")","=AVERAGE(D678, IFERROR(F678, D678), IFERROR(H678, D678))"
VN000000MBB5,MILITARY COMMERCIA,VND,25000.0,,,,,"=IF(ISNUMBER(F679), ABS(D679-F679)/D679, """")","=IF(ISNUMBER(H679), ABS(D679-H679)/D679, """")","=IF(AND(ISNUMBER(F679), ISNUMBER(H679)), ABS(F679-H679)/F679, """")","=AVERAGE(D679, IFERROR(F679, D679), IFERROR(H679, D679))"
US46627J3023,JSC HALYK BANK GDR,USD,32.0,,,,,"=IF(ISNUMBER(F680), ABS(D680-F680)/D680, """")","=IF(ISNUMBER(H680), ABS(D680-H680)/D680, """")","=IF(AND(ISNUMBER(F680), ISNUMBER(H680)), ABS(F680-H680)/F680, """")","=AVERAGE(D680, IFERROR(F680, D680), IFERROR(H680, D680))"
KR7402340004,SK SQUARE CO LTD,KRW,1233000.0,,,,,"=IF(ISNUMBER(F681), ABS(D681-F681)/D681, """")","=IF(ISNUMBER(H681), ABS(D681-H681)/D681, """")","=IF(AND(ISNUMBER(F681), ISNUMBER(H681)), ABS(F681-H681)/F681, """")","=AVERAGE(D681, IFERROR(F681, D681), IFERROR(H681, D681))"
GB00B0WD0R35,SOLGOLD PLC,GBP,0.103,,,,,"=IF(ISNUMBER(F682), ABS(D682-F682)/D682, """")","=IF(ISNUMBER(H682), ABS(D682-H682)/D682, """")","=IF(AND(ISNUMBER(F682), ISNUMBER(H682)), ABS(F682-H682)/F682, """")","=AVERAGE(D682, IFERROR(F682, D682), IFERROR(H682, D682))"
VN000000VHM0,VINHOMES JSC,VND,41000.0,,,,,"=IF(ISNUMBER(F683), ABS(D683-F683)/D683, """")","=IF(ISNUMBER(H683), ABS(D683-H683)/D683, """")","=IF(AND(ISNUMBER(F683), ISNUMBER(H683)), ABS(F683-H683)/F683, """")","=AVERAGE(D683, IFERROR(F683, D683), IFERROR(H683, D683))"
MA0000012528,TGCC SA,MAD,959.0,,,,,"=IF(ISNUMBER(F684), ABS(D684-F684)/D684, """")","=IF(ISNUMBER(H684), ABS(D684-H684)/D684, """")","=IF(AND(ISNUMBER(F684), ISNUMBER(H684)), ABS(F684-H684)/F684, """")","=AVERAGE(D684, IFERROR(F684, D684), IFERROR(H684, D684))"
US3999091008,GRUPO FINANCIARO GAL ADR,USD,40.1,,,,,"=IF(ISNUMBER(F685), ABS(D685-F685)/D685, """")","=IF(ISNUMBER(H685), ABS(D685-H685)/D685, """")","=IF(AND(ISNUMBER(F685), ISNUMBER(H685)), ABS(F685-H685)/F685, """")","=AVERAGE(D685, IFERROR(F685, D685), IFERROR(H685, D685))"
MHY641771016,OKEANIS ECO TANKERS,USD,37.29,,,,,"=IF(ISNUMBER(F686), ABS(D686-F686)/D686, """")","=IF(ISNUMBER(H686), ABS(D686-H686)/D686, """")","=IF(AND(ISNUMBER(F686), ISNUMBER(H686)), ABS(F686-H686)/F686, """")","=AVERAGE(D686, IFERROR(F686, D686), IFERROR(H686, D686))"
CNE100007DX6,MONTAGE TECHNOLOGY,HKD,106.89,,,,,"=IF(ISNUMBER(F687), ABS(D687-F687)/D687, """")","=IF(ISNUMBER(H687), ABS(D687-H687)/D687, """")","=IF(AND(ISNUMBER(F687), ISNUMBER(H687)), ABS(F687-H687)/F687, """")","=AVERAGE(D687, IFERROR(F687, D687), IFERROR(H687, D687))"
AU000000LPI1,LITHIUM POWER INTL NPV,AUD,0.565,,,,,"=IF(ISNUMBER(F688), ABS(D688-F688)/D688, """")","=IF(ISNUMBER(H688), ABS(D688-H688)/D688, """")","=IF(AND(ISNUMBER(F688), ISNUMBER(H688)), ABS(F688-H688)/F688, """")","=AVERAGE(D688, IFERROR(F688, D688), IFERROR(H688, D688))"
INE066P01011,INOX WIND LTD,INR,100.95,,,NSE:INOXWIND,"=INDEX(GOOGLEFINANCE(""NSE:INOXWIND"", ""close"", DATE(2026,5,31)), 2, 2)","=IF(ISNUMBER(F689), ABS(D689-F689)/D689, """")","=IF(ISNUMBER(H689), ABS(D689-H689)/D689, """")","=IF(AND(ISNUMBER(F689), ISNUMBER(H689)), ABS(F689-H689)/F689, """")","=AVERAGE(D689, IFERROR(F689, D689), IFERROR(H689, D689))"
SA15GHD4KS19,GAS ARABIAN SERVIC,SAR,16.92,,,,,"=IF(ISNUMBER(F690), ABS(D690-F690)/D690, """")","=IF(ISNUMBER(H690), ABS(D690-H690)/D690, """")","=IF(AND(ISNUMBER(F690), ISNUMBER(H690)), ABS(F690-H690)/F690, """")","=AVERAGE(D690, IFERROR(F690, D690), IFERROR(H690, D690))"
VN000000MSN4,MASAN GROUP CORP CFD HSBC,USD,3.340673,,,,,"=IF(ISNUMBER(F691), ABS(D691-F691)/D691, """")","=IF(ISNUMBER(H691), ABS(D691-H691)/D691, """")","=IF(AND(ISNUMBER(F691), ISNUMBER(H691)), ABS(F691-H691)/F691, """")","=AVERAGE(D691, IFERROR(F691, D691), IFERROR(H691, D691))"
MXCFTE0B0005,TERRAFINA,MXN,39.19,,,,,"=IF(ISNUMBER(F692), ABS(D692-F692)/D692, """")","=IF(ISNUMBER(H692), ABS(D692-H692)/D692, """")","=IF(AND(ISNUMBER(F692), ISNUMBER(H692)), ABS(F692-H692)/F692, """")","=AVERAGE(D692, IFERROR(F692, D692), IFERROR(H692, D692))"
KW0EQ0100085,KUWAIT FINANCE HOUSE CFD ,USD,2.338552,,,,,"=IF(ISNUMBER(F693), ABS(D693-F693)/D693, """")","=IF(ISNUMBER(H693), ABS(D693-H693)/D693, """")","=IF(AND(ISNUMBER(F693), ISNUMBER(H693)), ABS(F693-H693)/F693, """")","=AVERAGE(D693, IFERROR(F693, D693), IFERROR(H693, D693))"
QA000QLM0003,QLM LIFE & MEDICAL,QAR,2.075,,,,,"=IF(ISNUMBER(F694), ABS(D694-F694)/D694, """")","=IF(ISNUMBER(H694), ABS(D694-H694)/D694, """")","=IF(AND(ISNUMBER(F694), ISNUMBER(H694)), ABS(F694-H694)/F694, """")","=AVERAGE(D694, IFERROR(F694, D694), IFERROR(H694, D694))"
MYL5326OO003,99 SPEED MART RETA,MYR,1.88,,,,,"=IF(ISNUMBER(F695), ABS(D695-F695)/D695, """")","=IF(ISNUMBER(H695), ABS(D695-H695)/D695, """")","=IF(AND(ISNUMBER(F695), ISNUMBER(H695)), ABS(F695-H695)/F695, """")","=AVERAGE(D695, IFERROR(F695, D695), IFERROR(H695, D695))"
SA14TG012N13,SAUDI ARABIAN OIL CO CFD ,USD,6.878349,,,,,"=IF(ISNUMBER(F696), ABS(D696-F696)/D696, """")","=IF(ISNUMBER(H696), ABS(D696-H696)/D696, """")","=IF(AND(ISNUMBER(F696), ISNUMBER(H696)), ABS(F696-H696)/F696, """")","=AVERAGE(D696, IFERROR(F696, D696), IFERROR(H696, D696))"
CY0200751713,THEON INTL PLC,EUR,31.95,,,,,"=IF(ISNUMBER(F697), ABS(D697-F697)/D697, """")","=IF(ISNUMBER(H697), ABS(D697-H697)/D697, """")","=IF(AND(ISNUMBER(F697), ISNUMBER(H697)), ABS(F697-H697)/F697, """")","=AVERAGE(D697, IFERROR(F697, D697), IFERROR(H697, D697))"
GRS426003000,MOTOR OIL(HELLAS) SA,EUR,36.98,,,,,"=IF(ISNUMBER(F698), ABS(D698-F698)/D698, """")","=IF(ISNUMBER(H698), ABS(D698-H698)/D698, """")","=IF(AND(ISNUMBER(F698), ISNUMBER(H698)), ABS(F698-H698)/F698, """")","=AVERAGE(D698, IFERROR(F698, D698), IFERROR(H698, D698))"
AEA000201011,ABU DHABI COMM.BK.,AED,13.7,,,ADX:ADCB,"=INDEX(GOOGLEFINANCE(""ADX:ADCB"", ""close"", DATE(2026,5,31)), 2, 2)","=IF(ISNUMBER(F699), ABS(D699-F699)/D699, """")","=IF(ISNUMBER(H699), ABS(D699-H699)/D699, """")","=IF(AND(ISNUMBER(F699), ISNUMBER(H699)), ABS(F699-H699)/F699, """")","=AVERAGE(D699, IFERROR(F699, D699), IFERROR(H699, D699))"
INE208C01025,AEGIS LOGISTICS,INR,748.45,,,,,"=IF(ISNUMBER(F700), ABS(D700-F700)/D700, """")","=IF(ISNUMBER(H700), ABS(D700-H700)/D700, """")","=IF(AND(ISNUMBER(F700), ISNUMBER(H700)), ABS(F700-H700)/F700, """")","=AVERAGE(D700, IFERROR(F700, D700), IFERROR(H700, D700))"
PLDGNST00012,DIAGNOSTYKA SA,PLN,177.9,,,WSE:DIAGNOSTYKA,"=INDEX(GOOGLEFINANCE(""WSE:DIAGNOSTYKA"", ""close"", DATE(2026,5,31)), 2, 2)","=IF(ISNUMBER(F701), ABS(D701-F701)/D701, """")","=IF(ISNUMBER(H701), ABS(D701-H701)/D701, """")","=IF(AND(ISNUMBER(F701), ISNUMBER(H701)), ABS(F701-H701)/F701, """")","=AVERAGE(D701, IFERROR(F701, D701), IFERROR(H701, D701))"
SA0007879519,YANBU CEMENT CO CFD HSBC,USD,4.468902,,,,,"=IF(ISNUMBER(F702), ABS(D702-F702)/D702, """")","=IF(ISNUMBER(H702), ABS(D702-H702)/D702, """")","=IF(AND(ISNUMBER(F702), ISNUMBER(H702)), ABS(F702-H702)/F702, """")","=AVERAGE(D702, IFERROR(F702, D702), IFERROR(H702, D702))"
SA13L050IE10,THE SAUDI NAT BANK,SAR,39.9,,,,,"=IF(ISNUMBER(F703), ABS(D703-F703)/D703, """")","=IF(ISNUMBER(H703), ABS(D703-H703)/D703, """")","=IF(AND(ISNUMBER(F703), ISNUMBER(H703)), ABS(F703-H703)/F703, """")","=AVERAGE(D703, IFERROR(F703, D703), IFERROR(H703, D703))"
CNE100007KM4,SHANGHAI XIZHI TEC,HKD,174.9,,,,,"=IF(ISNUMBER(F704), ABS(D704-F704)/D704, """")","=IF(ISNUMBER(H704), ABS(D704-H704)/D704, """")","=IF(AND(ISNUMBER(F704), ISNUMBER(H704)), ABS(F704-H704)/F704, """")","=AVERAGE(D704, IFERROR(F704, D704), IFERROR(H704, D704))"
SA0007879048,RIYAD BANK CFD HSBC,USD,5.56962,,,,,"=IF(ISNUMBER(F705), ABS(D705-F705)/D705, """")","=IF(ISNUMBER(H705), ABS(D705-H705)/D705, """")","=IF(AND(ISNUMBER(F705), ISNUMBER(H705)), ABS(F705-H705)/F705, """")","=AVERAGE(D705, IFERROR(F705, D705), IFERROR(H705, D705))"
SA0007879451,YAMAMAH CEMENT CO,SAR,24.77,,,,,"=IF(ISNUMBER(F706), ABS(D706-F706)/D706, """")","=IF(ISNUMBER(H706), ABS(D706-H706)/D706, """")","=IF(AND(ISNUMBER(F706), ISNUMBER(H706)), ABS(F706-H706)/F706, """")","=AVERAGE(D706, IFERROR(F706, D706), IFERROR(H706, D706))"
SA1591410GH0,ALKHORAYEF WATER &,SAR,121.7,,,,,"=IF(ISNUMBER(F707), ABS(D707-F707)/D707, """")","=IF(ISNUMBER(H707), ABS(D707-H707)/D707, """")","=IF(AND(ISNUMBER(F707), ISNUMBER(H707)), ABS(F707-H707)/F707, """")","=AVERAGE(D707, IFERROR(F707, D707), IFERROR(H707, D707))"
VN000000MWG0,MOBILE WORLD INVES,VND,76300.0,,,,,"=IF(ISNUMBER(F708), ABS(D708-F708)/D708, """")","=IF(ISNUMBER(H708), ABS(D708-H708)/D708, """")","=IF(AND(ISNUMBER(F708), ISNUMBER(H708)), ABS(F708-H708)/F708, """")","=AVERAGE(D708, IFERROR(F708, D708), IFERROR(H708, D708))"
SA15M1HH2NH5,SAUDI ARAMCO BASE,SAR,126.5,,,TADAWUL:2222,"=INDEX(GOOGLEFINANCE(""TADAWUL:2222"", ""close"", DATE(2026,5,31)), 2, 2)","=IF(ISNUMBER(F709), ABS(D709-F709)/D709, """")","=IF(ISNUMBER(H709), ABS(D709-H709)/D709, """")","=IF(AND(ISNUMBER(F709), ISNUMBER(H709)), ABS(F709-H709)/F709, """")","=AVERAGE(D709, IFERROR(F709, D709), IFERROR(H709, D709))"
SA0007879550,SAUDI ELECTRICITY CO CFD ,USD,4.325001,,,,,"=IF(ISNUMBER(F710), ABS(D710-F710)/D710, """")","=IF(ISNUMBER(H710), ABS(D710-H710)/D710, """")","=IF(AND(ISNUMBER(F710), ISNUMBER(H710)), ABS(F710-H710)/F710, """")","=AVERAGE(D710, IFERROR(F710, D710), IFERROR(H710, D710))"
KYG8879R1048,TIME INTERCONNECT,HKD,19.22,,,,,"=IF(ISNUMBER(F711), ABS(D711-F711)/D711, """")","=IF(ISNUMBER(H711), ABS(D711-H711)/D711, """")","=IF(AND(ISNUMBER(F711), ISNUMBER(H711)), ABS(F711-H711)/F711, """")","=AVERAGE(D711, IFERROR(F711, D711), IFERROR(H711, D711))"
EU0009658426,SX7E INDEX CFD GOLDMAN,EUR,273.22,,,,,"=IF(ISNUMBER(F712), ABS(D712-F712)/D712, """")","=IF(ISNUMBER(H712), ABS(D712-H712)/D712, """")","=IF(AND(ISNUMBER(F712), ISNUMBER(H712)), ABS(F712-H712)/F712, """")","=AVERAGE(D712, IFERROR(F712, D712), IFERROR(H712, D712))"
SA16B0CHUPH2,SPECIALIZED MEDICA,SAR,24.16,,,,,"=IF(ISNUMBER(F713), ABS(D713-F713)/D713, """")","=IF(ISNUMBER(H713), ABS(D713-H713)/D713, """")","=IF(AND(ISNUMBER(F713), ISNUMBER(H713)), ABS(F713-H713)/F713, """")","=AVERAGE(D713, IFERROR(F713, D713), IFERROR(H713, D713))"
NL0015002X96,THEON INTL PLC,EUR,1.65,,,,,"=IF(ISNUMBER(F714), ABS(D714-F714)/D714, """")","=IF(ISNUMBER(H714), ABS(D714-H714)/D714, """")","=IF(AND(ISNUMBER(F714), ISNUMBER(H714)), ABS(F714-H714)/F714, """")","=AVERAGE(D714, IFERROR(F714, D714), IFERROR(H714, D714))"
LU2290522684,INPOST S.A.,EUR,10.1,,,,,"=IF(ISNUMBER(F715), ABS(D715-F715)/D715, """")","=IF(ISNUMBER(H715), ABS(D715-H715)/D715, """")","=IF(AND(ISNUMBER(F715), ISNUMBER(H715)), ABS(F715-H715)/F715, """")","=AVERAGE(D715, IFERROR(F715, D715), IFERROR(H715, D715))"
VN000000VRE6,VINCOM RETAIL JSC,VND,23850.0,,,,,"=IF(ISNUMBER(F716), ABS(D716-F716)/D716, """")","=IF(ISNUMBER(H716), ABS(D716-H716)/D716, """")","=IF(AND(ISNUMBER(F716), ISNUMBER(H716)), ABS(F716-H716)/F716, """")","=AVERAGE(D716, IFERROR(F716, D716), IFERROR(H716, D716))"
BE0974303357,CENERGY HLDGS SA,EUR,10.52,,,,,"=IF(ISNUMBER(F717), ABS(D717-F717)/D717, """")","=IF(ISNUMBER(H717), ABS(D717-H717)/D717, """")","=IF(AND(ISNUMBER(F717), ISNUMBER(H717)), ABS(F717-H717)/F717, """")","=AVERAGE(D717, IFERROR(F717, D717), IFERROR(H717, D717))"
ID1000128309,ARWANA CITRAMULIA,IDR,575.0,,,,,"=IF(ISNUMBER(F718), ABS(D718-F718)/D718, """")","=IF(ISNUMBER(H718), ABS(D718-H718)/D718, """")","=IF(AND(ISNUMBER(F718), ISNUMBER(H718)), ABS(F718-H718)/F718, """")","=AVERAGE(D718, IFERROR(F718, D718), IFERROR(H718, D718))"
GB00BMXNWH07,NOBLE CORP PLC CFD GOLDMA,USD,24.17,,,,,"=IF(ISNUMBER(F719), ABS(D719-F719)/D719, """")","=IF(ISNUMBER(H719), ABS(D719-H719)/D719, """")","=IF(AND(ISNUMBER(F719), ISNUMBER(H719)), ABS(F719-H719)/F719, """")","=AVERAGE(D719, IFERROR(F719, D719), IFERROR(H719, D719))"
ZAE000339891,BOXER RETAIL LTD,ZAR,69.27,,,,,"=IF(ISNUMBER(F720), ABS(D720-F720)/D720, """")","=IF(ISNUMBER(H720), ABS(D720-H720)/D720, """")","=IF(AND(ISNUMBER(F720), ISNUMBER(H720)), ABS(F720-H720)/F720, """")","=AVERAGE(D720, IFERROR(F720, D720), IFERROR(H720, D720))"
INE066P20011,INOX WIND LTD,INR,24.48,,,,,"=IF(ISNUMBER(F721), ABS(D721-F721)/D721, """")","=IF(ISNUMBER(H721), ABS(D721-H721)/D721, """")","=IF(AND(ISNUMBER(F721), ISNUMBER(H721)), ABS(F721-H721)/F721, """")","=AVERAGE(D721, IFERROR(F721, D721), IFERROR(H721, D721))"
BRSRNAACNOR4,SERENA ENERGIA S.A,BRL,6.31,,,,,"=IF(ISNUMBER(F722), ABS(D722-F722)/D722, """")","=IF(ISNUMBER(H722), ABS(D722-H722)/D722, """")","=IF(AND(ISNUMBER(F722), ISNUMBER(H722)), ABS(F722-H722)/F722, """")","=AVERAGE(D722, IFERROR(F722, D722), IFERROR(H722, D722))"
CY0200352116,FRONTLINE PLC USD,USD,13.38,,,,,"=IF(ISNUMBER(F723), ABS(D723-F723)/D723, """")","=IF(ISNUMBER(H723), ABS(D723-H723)/D723, """")","=IF(AND(ISNUMBER(F723), ISNUMBER(H723)), ABS(F723-H723)/F723, """")","=AVERAGE(D723, IFERROR(F723, D723), IFERROR(H723, D723))"
SA1610O13M15,MODERN MILLS FOR F,SAR,62.4,,,TADAWUL:2100,"=INDEX(GOOGLEFINANCE(""TADAWUL:2100"", ""close"", DATE(2026,5,31)), 2, 2)","=IF(ISNUMBER(F724), ABS(D724-F724)/D724, """")","=IF(ISNUMBER(H724), ABS(D724-H724)/D724, """")","=IF(AND(ISNUMBER(F724), ISNUMBER(H724)), ABS(F724-H724)/F724, """")","=AVERAGE(D724, IFERROR(F724, D724), IFERROR(H724, D724))"
AEE01388A243,ALEF EDUCATION CON,AED,1.14,,,,,"=IF(ISNUMBER(F725), ABS(D725-F725)/D725, """")","=IF(ISNUMBER(H725), ABS(D725-H725)/D725, """")","=IF(AND(ISNUMBER(F725), ISNUMBER(H725)), ABS(F725-H725)/F725, """")","=AVERAGE(D725, IFERROR(F725, D725), IFERROR(H725, D725))"
SA1510P1UMH1,DR SULAIMAN AL HABIB CFD ,USD,72.237168,,,,,"=IF(ISNUMBER(F726), ABS(D726-F726)/D726, """")","=IF(ISNUMBER(H726), ABS(D726-H726)/D726, """")","=IF(AND(ISNUMBER(F726), ISNUMBER(H726)), ABS(F726-H726)/F726, """")","=AVERAGE(D726, IFERROR(F726, D726), IFERROR(H726, D726))"
AEE01456N241,NMDC ENERGY CFD GOLDMAN,USD,0.76234,,,,,"=IF(ISNUMBER(F727), ABS(D727-F727)/D727, """")","=IF(ISNUMBER(H727), ABS(D727-H727)/D727, """")","=IF(AND(ISNUMBER(F727), ISNUMBER(H727)), ABS(F727-H727)/F727, """")","=AVERAGE(D727, IFERROR(F727, D727), IFERROR(H727, D727))"
NL0015000JZ7,CTP N.V,EUR,1e-06,,,,,"=IF(ISNUMBER(F728), ABS(D728-F728)/D728, """")","=IF(ISNUMBER(H728), ABS(D728-H728)/D728, """")","=IF(AND(ISNUMBER(F728), ISNUMBER(H728)), ABS(F728-H728)/F728, """")","=AVERAGE(D728, IFERROR(F728, D728), IFERROR(H728, D728))"
GB00B11DNM70,HORIZONTE MINERALS,GBP,0.074,,,,,"=IF(ISNUMBER(F729), ABS(D729-F729)/D729, """")","=IF(ISNUMBER(H729), ABS(D729-H729)/D729, """")","=IF(AND(ISNUMBER(F729), ISNUMBER(H729)), ABS(F729-H729)/F729, """")","=AVERAGE(D729, IFERROR(F729, D729), IFERROR(H729, D729))"
SA15QGU1UNH6,JAMJOOM PHARMACEUT,SAR,78.0,,,,,"=IF(ISNUMBER(F730), ABS(D730-F730)/D730, """")","=IF(ISNUMBER(H730), ABS(D730-H730)/D730, """")","=IF(AND(ISNUMBER(F730), ISNUMBER(H730)), ABS(F730-H730)/F730, """")","=AVERAGE(D730, IFERROR(F730, D730), IFERROR(H730, D730))"
US1055321053,BRASKEM SA CFD HSBC,USD,17.06,,,,,"=IF(ISNUMBER(F731), ABS(D731-F731)/D731, """")","=IF(ISNUMBER(H731), ABS(D731-H731)/D731, """")","=IF(AND(ISNUMBER(F731), ISNUMBER(H731)), ABS(F731-H731)/F731, """")","=AVERAGE(D731, IFERROR(F731, D731), IFERROR(H731, D731))"
US87190U1007,TDCX INC,USD,18.0,,,,,"=IF(ISNUMBER(F732), ABS(D732-F732)/D732, """")","=IF(ISNUMBER(H732), ABS(D732-H732)/D732, """")","=IF(AND(ISNUMBER(F732), ISNUMBER(H732)), ABS(F732-H732)/F732, """")","=AVERAGE(D732, IFERROR(F732, D732), IFERROR(H732, D732))"
DE000RENK730,RENK GROUP AG CFD HSBC,EUR,56.26,,,,,"=IF(ISNUMBER(F733), ABS(D733-F733)/D733, """")","=IF(ISNUMBER(H733), ABS(D733-H733)/D733, """")","=IF(AND(ISNUMBER(F733), ISNUMBER(H733)), ABS(F733-H733)/F733, """")","=AVERAGE(D733, IFERROR(F733, D733), IFERROR(H733, D733))"
SA15L1I156H7,ARABIAN DRILLING,SAR,169.6,,,,,"=IF(ISNUMBER(F734), ABS(D734-F734)/D734, """")","=IF(ISNUMBER(H734), ABS(D734-H734)/D734, """")","=IF(AND(ISNUMBER(F734), ISNUMBER(H734)), ABS(F734-H734)/F734, """")","=AVERAGE(D734, IFERROR(F734, D734), IFERROR(H734, D734))"
PLPKO0000016,POWSZECHNA KASA OS,PLN,83.74,,,WSE:POWSZECHNA,"=INDEX(GOOGLEFINANCE(""WSE:POWSZECHNA"", ""close"", DATE(2026,5,31)), 2, 2)","=IF(ISNUMBER(F735), ABS(D735-F735)/D735, """")","=IF(ISNUMBER(H735), ABS(D735-H735)/D735, """")","=IF(AND(ISNUMBER(F735), ISNUMBER(H735)), ABS(F735-H735)/F735, """")","=AVERAGE(D735, IFERROR(F735, D735), IFERROR(H735, D735))"
BRCPLEACNOR8,CIA PARANAENSE DE,BRL,11.56,,,,,"=IF(ISNUMBER(F736), ABS(D736-F736)/D736, """")","=IF(ISNUMBER(H736), ABS(D736-H736)/D736, """")","=IF(AND(ISNUMBER(F736), ISNUMBER(H736)), ABS(F736-H736)/F736, """")","=AVERAGE(D736, IFERROR(F736, D736), IFERROR(H736, D736))"
CNE1000075S4,SANY HEAVY IND CO,HKD,20.6,,,,,"=IF(ISNUMBER(F737), ABS(D737-F737)/D737, """")","=IF(ISNUMBER(H737), ABS(D737-H737)/D737, """")","=IF(AND(ISNUMBER(F737), ISNUMBER(H737)), ABS(F737-H737)/F737, """")","=AVERAGE(D737, IFERROR(F737, D737), IFERROR(H737, D737))"
CNE100000X85,ZOOMLION HEAVY INDUS CFD ,HKD,7.21,,,,,"=IF(ISNUMBER(F738), ABS(D738-F738)/D738, """")","=IF(ISNUMBER(H738), ABS(D738-H738)/D738, """")","=IF(AND(ISNUMBER(F738), ISNUMBER(H738)), ABS(F738-H738)/F738, """")","=AVERAGE(D738, IFERROR(F738, D738), IFERROR(H738, D738))"
AEE01569T248,TALABAT HOLDING PL,AED,0.926,,,,,"=IF(ISNUMBER(F739), ABS(D739-F739)/D739, """")","=IF(ISNUMBER(H739), ABS(D739-H739)/D739, """")","=IF(AND(ISNUMBER(F739), ISNUMBER(H739)), ABS(F739-H739)/F739, """")","=AVERAGE(D739, IFERROR(F739, D739), IFERROR(H739, D739))"
AU0000446957,LOTUS RESOURCES,AUD,3.17,,,,,"=IF(ISNUMBER(F740), ABS(D740-F740)/D740, """")","=IF(ISNUMBER(H740), ABS(D740-H740)/D740, """")","=IF(AND(ISNUMBER(F740), ISNUMBER(H740)), ABS(F740-H740)/F740, """")","=AVERAGE(D740, IFERROR(F740, D740), IFERROR(H740, D740))"
VN000000ACB8,ASIA COMMERCIAL BK,VND,22950.0,,,,,"=IF(ISNUMBER(F741), ABS(D741-F741)/D741, """")","=IF(ISNUMBER(H741), ABS(D741-H741)/D741, """")","=IF(AND(ISNUMBER(F741), ISNUMBER(H741)), ABS(F741-H741)/F741, """")","=AVERAGE(D741, IFERROR(F741, D741), IFERROR(H741, D741))"
US48581R2058,KASPI KZ JSC ADR,USD,79.54,,,,,"=IF(ISNUMBER(F742), ABS(D742-F742)/D742, """")","=IF(ISNUMBER(H742), ABS(D742-H742)/D742, """")","=IF(AND(ISNUMBER(F742), ISNUMBER(H742)), ABS(F742-H742)/F742, """")","=AVERAGE(D742, IFERROR(F742, D742), IFERROR(H742, D742))"
GRS434003000,PUBLIC POWER CORP,EUR,21.56,,,,,"=IF(ISNUMBER(F743), ABS(D743-F743)/D743, """")","=IF(ISNUMBER(H743), ABS(D743-H743)/D743, """")","=IF(AND(ISNUMBER(F743), ISNUMBER(H743)), ABS(F743-H743)/F743, """")","=AVERAGE(D743, IFERROR(F743, D743), IFERROR(H743, D743))"
VN000000HDB1,HO CHI MINH CITY D,VND,25900.0,,,,,"=IF(ISNUMBER(F744), ABS(D744-F744)/D744, """")","=IF(ISNUMBER(H744), ABS(D744-H744)/D744, """")","=IF(AND(ISNUMBER(F744), ISNUMBER(H744)), ABS(F744-H744)/F744, """")","=AVERAGE(D744, IFERROR(F744, D744), IFERROR(H744, D744))"
US66980N2036,NOVA LJUBLJANSKA GDR,EUR,44.0,,,,,"=IF(ISNUMBER(F745), ABS(D745-F745)/D745, """")","=IF(ISNUMBER(H745), ABS(D745-H745)/D745, """")","=IF(AND(ISNUMBER(F745), ISNUMBER(H745)), ABS(F745-H745)/F745, """")","=AVERAGE(D745, IFERROR(F745, D745), IFERROR(H745, D745))"
SA0007879360,SUSTAINED INFRASTR,SAR,34.8,,,,,"=IF(ISNUMBER(F746), ABS(D746-F746)/D746, """")","=IF(ISNUMBER(H746), ABS(D746-H746)/D746, """")","=IF(AND(ISNUMBER(F746), ISNUMBER(H746)), ABS(F746-H746)/F746, """")","=AVERAGE(D746, IFERROR(F746, D746), IFERROR(H746, D746))"
US2017122050,COMMERCIAL INTL BK GDR,USD,2.435,,,,,"=IF(ISNUMBER(F747), ABS(D747-F747)/D747, """")","=IF(ISNUMBER(H747), ABS(D747-H747)/D747, """")","=IF(AND(ISNUMBER(F747), ISNUMBER(H747)), ABS(F747-H747)/F747, """")","=AVERAGE(D747, IFERROR(F747, D747), IFERROR(H747, D747))"
VN000000FPT1,FPT CORPORATION,VND,71600.0,,,HOSE:FPT,"=INDEX(GOOGLEFINANCE(""HOSE:FPT"", ""close"", DATE(2026,5,31)), 2, 2)","=IF(ISNUMBER(F748), ABS(D748-F748)/D748, """")","=IF(ISNUMBER(H748), ABS(D748-H748)/D748, """")","=IF(AND(ISNUMBER(F748), ISNUMBER(H748)), ABS(F748-H748)/F748, """")","=AVERAGE(D748, IFERROR(F748, D748), IFERROR(H748, D748))"
VN000000TCB8,VIETNAM TECHNOLOGI,VND,32750.0,,,,,"=IF(ISNUMBER(F749), ABS(D749-F749)/D749, """")","=IF(ISNUMBER(H749), ABS(D749-H749)/D749, """")","=IF(AND(ISNUMBER(F749), ISNUMBER(H749)), ABS(F749-H749)/F749, """")","=AVERAGE(D749, IFERROR(F749, D749), IFERROR(H749, D749))"
SA0007879055,BANK AL-JAZIRA CFD GOLDMA,USD,3.051218,,,,,"=IF(ISNUMBER(F750), ABS(D750-F750)/D750, """")","=IF(ISNUMBER(H750), ABS(D750-H750)/D750, """")","=IF(AND(ISNUMBER(F750), ISNUMBER(H750)), ABS(F750-H750)/F750, """")","=AVERAGE(D750, IFERROR(F750, D750), IFERROR(H750, D750))"
SA165I21VPH1,TASHEEL,SAR,39.78,,,TADAWUL:4083,"=INDEX(GOOGLEFINANCE(""TADAWUL:4083"", ""close"", DATE(2026,5,31)), 2, 2)","=IF(ISNUMBER(F751), ABS(D751-F751)/D751, """")","=IF(ISNUMBER(H751), ABS(D751-H751)/D751, """")","=IF(AND(ISNUMBER(F751), ISNUMBER(H751)), ABS(F751-H751)/F751, """")","=AVERAGE(D751, IFERROR(F751, D751), IFERROR(H751, D751))"
VN000000SSI1,SSI SECURITIES CORP CFD H,USD,1.045151,,,HOSE:SSI,"=INDEX(GOOGLEFINANCE(""HOSE:SSI"", ""close"", DATE(2026,5,31)), 2, 2)","=IF(ISNUMBER(F752), ABS(D752-F752)/D752, """")","=IF(ISNUMBER(H752), ABS(D752-H752)/D752, """")","=IF(AND(ISNUMBER(F752), ISNUMBER(H752)), ABS(F752-H752)/F752, """")","=AVERAGE(D752, IFERROR(F752, D752), IFERROR(H752, D752))"
KYG8193D1043,SKYLINE BUILDERS GRO CFD ,USD,3.43,,,,,"=IF(ISNUMBER(F753), ABS(D753-F753)/D753, """")","=IF(ISNUMBER(H753), ABS(D753-H753)/D753, """")","=IF(AND(ISNUMBER(F753), ISNUMBER(H753)), ABS(F753-H753)/F753, """")","=AVERAGE(D753, IFERROR(F753, D753), IFERROR(H753, D753))"
SA000A0B89Q3,SAUDI IND INVESTMENT CFD ,USD,6.969012,,,,,"=IF(ISNUMBER(F754), ABS(D754-F754)/D754, """")","=IF(ISNUMBER(H754), ABS(D754-H754)/D754, """")","=IF(AND(ISNUMBER(F754), ISNUMBER(H754)), ABS(F754-H754)/F754, """")","=AVERAGE(D754, IFERROR(F754, D754), IFERROR(H754, D754))"
KW0EQ0602452,JAZEERA AIRWAYS,KWD,1.9,,,,,"=IF(ISNUMBER(F755), ABS(D755-F755)/D755, """")","=IF(ISNUMBER(H755), ABS(D755-H755)/D755, """")","=IF(AND(ISNUMBER(F755), ISNUMBER(H755)), ABS(F755-H755)/F755, """")","=AVERAGE(D755, IFERROR(F755, D755), IFERROR(H755, D755))"
SA132GSGS910,SEERA GROUP HLDG,SAR,22.1,,,,,"=IF(ISNUMBER(F756), ABS(D756-F756)/D756, """")","=IF(ISNUMBER(H756), ABS(D756-H756)/D756, """")","=IF(AND(ISNUMBER(F756), ISNUMBER(H756)), ABS(F756-H756)/F756, """")","=AVERAGE(D756, IFERROR(F756, D756), IFERROR(H756, D756))"
BRELETACNOR6,CENTRAIS ELET BRAS,BRL,45.3,,,,,"=IF(ISNUMBER(F757), ABS(D757-F757)/D757, """")","=IF(ISNUMBER(H757), ABS(D757-H757)/D757, """")","=IF(AND(ISNUMBER(F757), ISNUMBER(H757)), ABS(F757-H757)/F757, """")","=AVERAGE(D757, IFERROR(F757, D757), IFERROR(H757, D757))"
AEE01072B225,BOROUGE PLC,AED,3.0,,,,,"=IF(ISNUMBER(F758), ABS(D758-F758)/D758, """")","=IF(ISNUMBER(H758), ABS(D758-H758)/D758, """")","=IF(AND(ISNUMBER(F758), ISNUMBER(H758)), ABS(F758-H758)/F758, """")","=AVERAGE(D758, IFERROR(F758, D758), IFERROR(H758, D758))"
BH0005508765,AHLI UNITED BANK B.S CFD ,USD,1.013146,,,,,"=IF(ISNUMBER(F759), ABS(D759-F759)/D759, """")","=IF(ISNUMBER(H759), ABS(D759-H759)/D759, """")","=IF(AND(ISNUMBER(F759), ISNUMBER(H759)), ABS(F759-H759)/F759, """")","=AVERAGE(D759, IFERROR(F759, D759), IFERROR(H759, D759))"
SA15JHPITV18,ALAMAR FOODS CO,SAR,123.0,,,,,"=IF(ISNUMBER(F760), ABS(D760-F760)/D760, """")","=IF(ISNUMBER(H760), ABS(D760-H760)/D760, """")","=IF(AND(ISNUMBER(F760), ISNUMBER(H760)), ABS(F760-H760)/F760, """")","=AVERAGE(D760, IFERROR(F760, D760), IFERROR(H760, D760))"
PHY8321B1036,SYNERGY GRID & DEV,PHP,12.1,,,PSE:SYNERGY,"=INDEX(GOOGLEFINANCE(""PSE:SYNERGY"", ""close"", DATE(2026,5,31)), 2, 2)","=IF(ISNUMBER(F761), ABS(D761-F761)/D761, """")","=IF(ISNUMBER(H761), ABS(D761-H761)/D761, """")","=IF(AND(ISNUMBER(F761), ISNUMBER(H761)), ABS(F761-H761)/F761, """")","=AVERAGE(D761, IFERROR(F761, D761), IFERROR(H761, D761))"
AED001801011,DUBAI ELECTRICITY,AED,2.55,,,,,"=IF(ISNUMBER(F762), ABS(D762-F762)/D762, """")","=IF(ISNUMBER(H762), ABS(D762-H762)/D762, """")","=IF(AND(ISNUMBER(F762), ISNUMBER(H762)), ABS(F762-H762)/F762, """")","=AVERAGE(D762, IFERROR(F762, D762), IFERROR(H762, D762))"
KR7373220003,LG ENERGY SOLUTION,KRW,300000.0,,,,,"=IF(ISNUMBER(F763), ABS(D763-F763)/D763, """")","=IF(ISNUMBER(H763), ABS(D763-H763)/D763, """")","=IF(AND(ISNUMBER(F763), ISNUMBER(H763)), ABS(F763-H763)/F763, """")","=AVERAGE(D763, IFERROR(F763, D763), IFERROR(H763, D763))"
SA15ED94KR18,JAHEZ INTERNATIONA,SAR,954.4,,,TADAWUL:9543,"=INDEX(GOOGLEFINANCE(""TADAWUL:9543"", ""close"", DATE(2026,5,31)), 2, 2)","=IF(ISNUMBER(F764), ABS(D764-F764)/D764, """")","=IF(ISNUMBER(H764), ABS(D764-H764)/D764, """")","=IF(AND(ISNUMBER(F764), ISNUMBER(H764)), ABS(F764-H764)/F764, """")","=AVERAGE(D764, IFERROR(F764, D764), IFERROR(H764, D764))"
SA121053DR18,MOBILE TELECOM CFD HSBC,USD,3.022871,,,,,"=IF(ISNUMBER(F765), ABS(D765-F765)/D765, """")","=IF(ISNUMBER(H765), ABS(D765-H765)/D765, """")","=IF(AND(ISNUMBER(F765), ISNUMBER(H765)), ABS(F765-H765)/F765, """")","=AVERAGE(D765, IFERROR(F765, D765), IFERROR(H765, D765))"
KYG2135N1060,CHINA RESOURCE BEV,HKD,14.5,,,,,"=IF(ISNUMBER(F766), ABS(D766-F766)/D766, """")","=IF(ISNUMBER(H766), ABS(D766-H766)/D766, """")","=IF(AND(ISNUMBER(F766), ISNUMBER(H766)), ABS(F766-H766)/F766, """")","=AVERAGE(D766, IFERROR(F766, D766), IFERROR(H766, D766))"
INE474Q01031,GLOBAL HEALTH LTD,INR,459.75,,,NSE:MEDANTA,"=INDEX(GOOGLEFINANCE(""NSE:MEDANTA"", ""close"", DATE(2026,5,31)), 2, 2)","=IF(ISNUMBER(F767), ABS(D767-F767)/D767, """")","=IF(ISNUMBER(H767), ABS(D767-H767)/D767, """")","=IF(AND(ISNUMBER(F767), ISNUMBER(H767)), ABS(F767-H767)/F767, """")","=AVERAGE(D767, IFERROR(F767, D767), IFERROR(H767, D767))"
GRS518003009,IPTO HLDG S.A,EUR,2.6,,,,,"=IF(ISNUMBER(F768), ABS(D768-F768)/D768, """")","=IF(ISNUMBER(H768), ABS(D768-H768)/D768, """")","=IF(AND(ISNUMBER(F768), ISNUMBER(H768)), ABS(F768-H768)/F768, """")","=AVERAGE(D768, IFERROR(F768, D768), IFERROR(H768, D768))"
MA0000012759,VICENNE,MAD,417.8,,,,,"=IF(ISNUMBER(F769), ABS(D769-F769)/D769, """")","=IF(ISNUMBER(H769), ABS(D769-H769)/D769, """")","=IF(AND(ISNUMBER(F769), ISNUMBER(H769)), ABS(F769-H769)/F769, """")","=AVERAGE(D769, IFERROR(F769, D769), IFERROR(H769, D769))"
ZAE000005443,PICK'N PAY STORES,ZAR,25.51,,,,,"=IF(ISNUMBER(F770), ABS(D770-F770)/D770, """")","=IF(ISNUMBER(H770), ABS(D770-H770)/D770, """")","=IF(AND(ISNUMBER(F770), ISNUMBER(H770)), ABS(F770-H770)/F770, """")","=AVERAGE(D770, IFERROR(F770, D770), IFERROR(H770, D770))"
BMG1466R1732,BORR DRILLING LTD - US,USD,4.14,,,,,"=IF(ISNUMBER(F771), ABS(D771-F771)/D771, """")","=IF(ISNUMBER(H771), ABS(D771-H771)/D771, """")","=IF(AND(ISNUMBER(F771), ISNUMBER(H771)), ABS(F771-H771)/F771, """")","=AVERAGE(D771, IFERROR(F771, D771), IFERROR(H771, D771))"
AEE000401019,EMIRATES TELECOM GRO CFD ,USD,4.383338,,,ADX:EAND,"=INDEX(GOOGLEFINANCE(""ADX:EAND"", ""close"", DATE(2026,5,31)), 2, 2)","=IF(ISNUMBER(F772), ABS(D772-F772)/D772, """")","=IF(ISNUMBER(H772), ABS(D772-H772)/D772, """")","=IF(AND(ISNUMBER(F772), ISNUMBER(H772)), ABS(F772-H772)/F772, """")","=AVERAGE(D772, IFERROR(F772, D772), IFERROR(H772, D772))"
AT000ADDIKO0,ADDIKO BANK AG,EUR,18.6,,,,,"=IF(ISNUMBER(F773), ABS(D773-F773)/D773, """")","=IF(ISNUMBER(H773), ABS(D773-H773)/D773, """")","=IF(AND(ISNUMBER(F773), ISNUMBER(H773)), ABS(F773-H773)/F773, """")","=AVERAGE(D773, IFERROR(F773, D773), IFERROR(H773, D773))"
KYG9066F1019,TRIP COM GROUP LTD CFD GO,HKD,475.2,,,,,"=IF(ISNUMBER(F774), ABS(D774-F774)/D774, """")","=IF(ISNUMBER(H774), ABS(D774-H774)/D774, """")","=IF(AND(ISNUMBER(F774), ISNUMBER(H774)), ABS(F774-H774)/F774, """")","=AVERAGE(D774, IFERROR(F774, D774), IFERROR(H774, D774))"
